Order Id, Status, CreatedOn, SKU Refs
509012,Solicitud de Devolución Iniciada,2020-08-29T21:46:03.573Z,{'40799303'}
506140,Orden con Cancelacion,2020-08-28T22:46:08.768Z,{'40435351', '40759128'}
504484,Orden con Cancelacion,2020-08-28T17:02:29.341Z,{'40486520', '40542383', '40385866', '40590770', '40499827'}
504203,Fulfilment con Cancelacion,2020-08-28T16:25:38.634Z,{'40542428'}
502849,Orden con Cancelacion,2020-08-28T03:57:01.447Z,{'40916058', '40404881'}
502433,Fulfilment con Cancelacion,2020-08-28T02:31:07.221Z,{'40475964', '40514787', '39300273'}
502414,Fulfilment con Cancelacion,2020-08-28T02:29:30.990Z,{'40528283'}
501576,Solicitud de Devolución Iniciada,2020-08-27T23:42:40.788Z,{'40435523', '40880394', '40476225', '40476220', '36083281'}
500570,Orden con Cancelacion,2020-08-27T19:46:04.753Z,{'40656219'}
498567,Orden con Cancelacion,2020-08-27T08:59:13.283Z,{'40355987', '40624476'}
498529,Solicitud de Devolución Iniciada,2020-08-27T08:13:49.842Z,{'40137575'}
498515,Fulfilment con Cancelacion,2020-08-27T07:58:29.642Z,{'40692534'}
498421,Solicitud de Devolución Iniciada,2020-08-27T06:57:05.387Z,{'40417461', '40419451'}
498361,Orden con Cancelacion,2020-08-27T06:33:09.615Z,{'40666632', '40666674', '40904868', '40872517', '40756452', '40872480', '40692886', '40692987'}
498344,Orden con Cancelacion,2020-08-27T06:30:04.276Z,{'40355841'}
498341,Orden con Cancelacion,2020-08-27T06:30:03.194Z,{'40355986', '40355782', '40452996', '40356285', '40355881', '40355985', '40355987', '40355947', '40355781'}
498241,Fulfilment con Cancelacion,2020-08-27T06:06:00.175Z,{'40782883', '40785350', '40785139', '40763603', '40763617', '40782758'}
498193,Orden con Cancelacion,2020-08-27T05:58:45.588Z,{'40136037', '40657948', '40353525', '40746665', '40136231', '40352415', '40746655', '40136476', '40136190', '40872482', '40352408', '40352475'}
498150,Fulfilment con Cancelacion,2020-08-27T05:48:08.408Z,{'40782715', '40785053', '40782785', '40137575', '40850024'}
498042,Orden con Cancelacion,2020-08-27T05:30:05.779Z,{'40692426'}
497974,Orden con Cancelacion,2020-08-27T05:16:07.548Z,{'40480999', '40324221'}
497735,Orden con Cancelacion,2020-08-27T04:16:05.187Z,{'40528283'}
497530,Orden con Cancelacion,2020-08-27T03:31:05.072Z,{'30754753', '30754702', '30754757', '31388556', '30755064'}
497014,Orden con Cancelacion,2020-08-27T01:42:27.445Z,{'40355841'}
496943,Cancelado por Validacion,2020-08-27T01:26:49.859Z,{'40288673', '40305834', '40288700'}
496932,Fulfilment con Cancelacion,2020-08-27T01:24:51.513Z,{'40547320', '40326093', '40746366', '40656753', '40785323'}
496901,Cancelado por Validacion,2020-08-27T01:17:43.761Z,{'40763581', '40782834'}
496643,Fulfilment con Cancelacion,2020-08-27T00:26:03.854Z,{'40803769'}
496512,Cancelado por Validacion,2020-08-27T00:00:41.820Z,{'40305832', '40325127', '40305834', '40142522', '40325026'}
496374,Orden con Cancelacion,2020-08-26T23:32:19.334Z,{'40525496'}
496348,Orden con Cancelacion,2020-08-26T23:29:50.074Z,{'40390390', '40542651', '40514199'}
496259,Solicitud de Devolución Iniciada,2020-08-26T23:12:47.714Z,{'40855071'}
496231,Fulfilment con Cancelacion,2020-08-26T23:07:23.608Z,{'40355947'}
495844,Fulfilment con Cancelacion,2020-08-26T21:57:36.720Z,{'40563630'}
495696,Orden con Cancelacion,2020-08-26T21:31:05.716Z,{'40374800', '40508367', '40369880', '40369893', '40562149', '40508368', '40399266'}
495690,Orden con Cancelacion,2020-08-26T21:31:03.405Z,{'40547314', '40326243', '40581085', '40326051'}
495578,Orden con Cancelacion,2020-08-26T21:08:43.976Z,{'39439065'}
495433,Fulfilment con Cancelacion,2020-08-26T20:41:33.636Z,{'40355842', '40493617', '40355987'}
495368,Orden con Cancelacion,2020-08-26T20:31:03.558Z,{'40677666', '40855359'}
495236,Fulfilment con Cancelacion,2020-08-26T20:05:36.775Z,{'40355837', '40355735', '40355909'}
495227,Solicitud de Devolución Iniciada,2020-08-26T20:04:06.345Z,{'40692520', '40692600', '40692898', '40692522', '40692599', '40692534'}
495187,Solicitud de Devolución Iniciada,2020-08-26T19:59:41.700Z,{'40356096', '40580326', '40356142', '40356284', '40580324', '40466513', '40493617', '40356265', '40466533'}
495063,Orden con Cancelacion,2020-08-26T19:36:13.413Z,{'40514609'}
494855,Fulfilment con Cancelacion,2020-08-26T19:04:42.349Z,{'40324325'}
494743,Orden con Cancelacion,2020-08-26T18:45:24.739Z,{'40624476'}
494439,Orden con Cancelacion,2020-08-26T18:00:02.859Z,{'40324180', '40355840', '40324325', '40324625'}
494407,Fulfilment con Cancelacion,2020-08-26T17:53:26.791Z,{'40782844'}
494360,Orden con Cancelacion,2020-08-26T17:46:05.902Z,{'40692897', '40692691', '40692533', '40692599'}
494269,Fulfilment con Cancelacion,2020-08-26T17:32:15.065Z,{'40347593', '40624626', '40624408', '40355878'}
494263,Fulfilment con Cancelacion,2020-08-26T17:31:09.668Z,{'30161006', '30754781', '30161070', '30754586'}
494250,Orden con Cancelacion,2020-08-26T17:31:05.663Z,{'40347624', '40355785', '40355826', '40347515', '40659298', '40355948', '40137543', '40355780', '40355743', '40547239'}
494146,Orden con Cancelacion,2020-08-26T17:16:07.557Z,{'40395729', '40547298'}
494125,Fulfilment con Cancelacion,2020-08-26T17:15:08.266Z,{'40623555', '40201001'}
494084,Orden con Cancelacion,2020-08-26T17:08:57.236Z,{'40756639'}
493957,Orden con Cancelacion,2020-08-26T16:50:23.926Z,{'40452994'}
493773,Orden con Cancelacion,2020-08-26T16:27:03.521Z,{'40782905', '40324552', '40656661'}
493591,Fulfilment con Cancelacion,2020-08-26T16:01:06.183Z,{'40657046', '40326479', '40326486', '40547021', '40326491', '40326403', '40547321', '40547296'}
493565,Fulfilment con Cancelacion,2020-08-26T15:57:00.347Z,{'40324773', '40326486'}
493383,Fulfilment con Cancelacion,2020-08-26T15:31:03.096Z,{'40692415', '40692885'}
493049,Orden con Cancelacion,2020-08-26T13:33:31.898Z,{'40692599'}
492897,Fulfilment con Cancelacion,2020-08-26T07:28:48.998Z,{'40827437'}
492794,Orden con Cancelacion,2020-08-26T06:15:01.944Z,{'40355842', '40618175', '40452998', '40355987'}
492774,Fulfilment con Cancelacion,2020-08-26T06:01:27.734Z,{'40624406', '40452998'}
492760,Orden con Cancelacion,2020-08-26T06:00:53.191Z,{'40616729'}
492694,Fulfilment con Cancelacion,2020-08-26T05:31:27.018Z,{'40355865'}
492650,Fulfilment con Cancelacion,2020-08-26T05:17:33.725Z,{'40452996'}
492539,Orden con Cancelacion,2020-08-26T04:49:41.693Z,{'40624406'}
492409,Fulfilment con Cancelacion,2020-08-26T04:30:05.448Z,{'40489226'}
492399,Solicitud de Devolución Iniciada,2020-08-26T04:28:24.207Z,{'40756559', '40547019', '40114138', '40577635', '40746668', '40114143', '40763609', '40136067', '40581110', '40577647'}
492285,Solicitud de Devolución Iniciada,2020-08-26T04:08:47.452Z,{'40856655', '40672929', '40657127'}
492214,Solicitud de Devolución Iniciada,2020-08-26T03:58:19.745Z,{'40672768'}
492062,Solicitud de Devolución Iniciada,2020-08-26T03:36:18.290Z,{'30160954', '30753892'}
492061,Solicitud de Devolución Iniciada,2020-08-26T03:36:02.754Z,{'40485677'}
491704,Orden con Cancelacion,2020-08-26T02:46:04.926Z,{'40355949', '40347581', '40355780'}
491699,Fulfilment con Cancelacion,2020-08-26T02:46:03.376Z,{'40137542', '40355836'}
491645,Fulfilment con Cancelacion,2020-08-26T02:38:48.638Z,{'40580326'}
491469,Orden con Cancelacion,2020-08-26T02:17:27.835Z,{'40513722'}
491465,Fulfilment con Cancelacion,2020-08-26T02:17:10.864Z,{'40878536', '40692735'}
491273,Orden con Cancelacion,2020-08-26T01:55:21.906Z,{'40362118'}
491245,Orden con Cancelacion,2020-08-26T01:50:18.355Z,{'40904868'}
490630,Solicitud de Devolución Iniciada,2020-08-26T00:13:09.958Z,{'40672756'}
490250,Solicitud de Devolución Iniciada,2020-08-25T23:09:11.648Z,{'40692690', '40356285', '40355836'}
490123,Orden con Cancelacion,2020-08-25T22:48:02.733Z,{'40785344', '40782877'}
489770,Fulfilment con Cancelacion,2020-08-25T21:58:19.427Z,{'40624626', '40617944', '40452997', '40622253', '40481064'}
489688,Orden con Cancelacion,2020-08-25T21:46:10.839Z,{'41013089'}
489641,Fulfilment con Cancelacion,2020-08-25T21:39:42.234Z,{'30755118', '31388648', '30755062', '31388612', '30161147', '30160534', '30754985', '30160560', '30754983', '30754937', '30754612', '30160573', '30754586'}
489528,Solicitud de Devolución Iniciada,2020-08-25T21:23:50.086Z,{'40347592', '40547239', '40356265'}
489475,Orden con Cancelacion,2020-08-25T21:16:03.658Z,{'40677682', '40324925'}
489205,Solicitud de Devolución Iniciada,2020-08-25T20:41:14.389Z,{'38601290'}
489036,Solicitud de Devolución Iniciada,2020-08-25T20:17:10.073Z,{'40827196', '40827373'}
488889,Solicitud de Devolución Iniciada,2020-08-25T19:57:02.419Z,{'40137692'}
488538,Solicitud de Devolución Iniciada,2020-08-25T19:17:49.943Z,{'40656894', '40624410', '40904905', '40624467', '40855010', '40656714'}
488168,Orden con Cancelacion,2020-08-25T18:39:18.121Z,{'40451786'}
486836,Solicitud de Devolución Iniciada,2020-08-25T15:16:14.270Z,{'40565651'}
Order Id, Status, CreatedOn, SKU Refs
485155,Orden con Cancelacion,2020-08-24T20:01:03.767Z,{'40561937', '40485177'}
482316,Orden con Cancelacion,2020-08-23T20:16:05.407Z,{'40517194'}
480893,Cancelado,2020-08-23T04:58:56.465Z,{'40169816'}
480850,Cancelado por Validacion,2020-08-23T04:31:00.323Z,{'39759163', '40799764', '39861419'}
480818,Cancelado,2020-08-23T04:16:05.870Z,{'40033801'}
480813,Cancelado,2020-08-23T04:16:03.869Z,{'40332038', '40566129'}
480784,Cancelado,2020-08-23T04:01:14.721Z,{'18854810'}
480778,Cancelado,2020-08-23T04:00:03.804Z,{'38531953', '38531950', '39565661', '38531960'}
480776,Fulfilment con Cancelacion,2020-08-23T03:57:51.103Z,{'40458875'}
480775,Entregado HD,2020-08-23T03:56:32.092Z,{'39413877', '38745599', '39704197', '39704200'}
480774,Review,2020-08-23T03:56:24.533Z,{'40542110'}
480769,Asignado,2020-08-23T03:54:19.076Z,{'41023679'}
480768,Asignado,2020-08-23T03:54:18.471Z,{'40831579'}
476987,Entregado HD,2020-08-21T22:38:07.370Z,{'40865603'}
475224,Orden con Cancelacion,2020-08-21T04:16:02.972Z,{'40344776'}
474991,Asignado,2020-08-21T02:31:22.097Z,{'39352247'}
474949,Fulfilment con Cancelacion,2020-08-21T02:17:49.670Z,{'40931449', '40621001', '41138424'}
474742,Entregado Parcial,2020-08-21T01:06:07.401Z,{'39373786', '39373783', '40563447'}
474710,Asignado,2020-08-21T00:51:37.939Z,{'38531951'}
474298,Orden con Cancelacion,2020-08-20T22:31:22.100Z,{'38258674', '18464808'}
474228,Entregado Parcial,2020-08-20T22:08:42.088Z,{'40316434', '40503883'}
473836,Entregado Parcial,2020-08-20T19:49:01.687Z,{'39423253'}
473748,Orden con Cancelacion,2020-08-20T19:21:47.034Z,{'40657912'}
473379,Orden con Cancelacion,2020-08-20T17:30:01.834Z,{'40154599'}
473196,Asignado,2020-08-20T16:31:06.520Z,{'40344693'}
473162,Asignado,2020-08-20T16:21:54.579Z,{'38292408'}
473124,Asignado,2020-08-20T16:11:31.867Z,{'40624760'}
473090,Entregado Parcial,2020-08-20T16:00:02.274Z,{'40514696'}
472850,Entregado Parcial,2020-08-20T14:42:22.143Z,{'39277537'}
472817,Orden con Cancelacion,2020-08-20T14:31:02.823Z,{'37779140'}
472695,Fulfilment con Cancelacion,2020-08-20T13:46:19.151Z,{'40830269'}
472621,Entregado Parcial,2020-08-20T11:31:03.376Z,{'40800729'}
472417,Solicitud de Devolución Iniciada,2020-08-20T05:00:15.522Z,{'31278536'}
472183,Fulfilment con Cancelacion,2020-08-20T03:42:22.515Z,{'37509191'}
472082,Solicitud de Devolución Iniciada,2020-08-20T03:15:10.747Z,{'40739352', '40822455'}
472000,Entregado Parcial,2020-08-20T02:52:09.888Z,{'38925630'}
471707,Asignado,2020-08-20T01:20:47.903Z,{'40390768', '40936896'}
471682,Fulfilment con Cancelacion,2020-08-20T01:11:09.671Z,{'31702124'}
465618,Cancelado por Validacion,2020-08-18T05:15:19.338Z,{'39777066'}
456685,Entregado HD,2020-08-15T08:31:03.112Z,{'40539281'}
452930,Fulfilment con Cancelacion,2020-08-14T03:28:43.599Z,{'40591326', '40432621'}
452749,Entregado Parcial,2020-08-14T02:32:38.621Z,{'40385318'}
452435,Orden con Cancelacion,2020-08-14T01:01:35.805Z,{'40604418', '40659491', '40441714', '40698679', '40456254', '40356745', '40657091'}
447729,Solicitud de Devolución Iniciada,2020-08-12T21:16:07.357Z,{'40215021'}
445062,Solicitud de Devolución Iniciada,2020-08-12T02:14:30.269Z,{'40298381'}
440341,Orden con Cancelacion,2020-08-11T01:31:07.730Z,{'40374811'}
439980,Orden con Cancelacion,2020-08-11T00:16:04.721Z,{'40611625', '40429348', '40125082'}
438953,Solicitud de Devolución Iniciada,2020-08-10T21:01:07.766Z,{'40494591'}
438249,Entregado HD,2020-08-10T18:22:31.269Z,{'39649183'}
438097,Entregado HD,2020-08-10T17:56:25.063Z,{'40516573', '40533164', '40795321', '40098550', '40516489', '40516490'}
438030,Solicitud de Devolución Iniciada,2020-08-10T17:43:35.626Z,{'40236847'}
437789,Entregado HD,2020-08-10T16:45:06.453Z,{'40344765'}
437676,Entregado HD,2020-08-10T16:13:28.153Z,{'16843509', '40229065'}
437381,Solicitud de Devolución Iniciada,2020-08-10T14:53:56.665Z,{'41133883'}
437376,Entregado HD,2020-08-10T14:50:10.307Z,{'37374851', '39799143', '39799142', '39835747', '40047618', '37374847', '40047633', '39821595', '36698341'}
437239,Entregado HD,2020-08-10T14:16:04.906Z,{'38372947', '38828201'}
437187,Entregado HD,2020-08-10T13:47:24.244Z,{'40800291', '40652690'}
437169,Entregado HD,2020-08-10T13:35:47.097Z,{'40475972', '40475955', '40616827', '40616783', '40475995'}
433283,Orden con Cancelacion,2020-08-09T16:32:29.074Z,{'40366711', '40366710'}
432829,Review,2020-08-09T07:04:05.072Z,{'40786835', '41109101', '40420099', '40813036', '40435759', '39812754', '40840657'}
432757,Fulfilment con Cancelacion,2020-08-09T06:12:36.028Z,{'40431830'}
429029,Cancelado,2020-08-08T08:46:03.073Z,{'40038284'}
429018,Cancelado,2020-08-08T08:31:08.597Z,{'40038284'}
429017,Cancelado,2020-08-08T08:31:08.144Z,{'40038284'}
429016,Cancelado,2020-08-08T08:31:04.605Z,{'40038284'}
429014,Cancelado,2020-08-08T08:31:03.491Z,{'40038284'}
428979,Asignado,2020-08-08T07:31:34.119Z,{'40865557'}
428978,Asignado,2020-08-08T07:31:23.927Z,{'40542751'}
428977,Asignado,2020-08-08T07:31:13.663Z,{'40234960'}
428976,Asignado,2020-08-08T07:31:03.571Z,{'41076069'}
428974,Asignado,2020-08-08T07:30:06.824Z,{'40517077'}
428952,Asignado,2020-08-08T07:08:33.440Z,{'40281692', '40577153', '40354303'}
425932,Entregado HD,2020-08-07T22:51:10.175Z,{'39799143', '38429150', '37146889', '40365198', '10545345'}
425111,Cancelado,2020-08-07T21:01:08.338Z,{'40610839'}
423782,Fulfilment con Cancelacion,2020-08-07T17:48:43.607Z,{'40645512'}
418818,Orden con Cancelacion,2020-08-06T19:02:29.664Z,{'40489220'}
417417,Entregado HD,2020-08-06T09:21:06.109Z,{'36776605', '30023252', '37260720'}
417354,Entregado HD,2020-08-06T06:56:09.769Z,{'40960284', '31219264', '40411502', '40547759', '41139528', '19503468', '40824759'}
417335,Solicitud de Devolución Iniciada,2020-08-06T06:35:06.119Z,{'40374512', '40385896', '40935961', '40571616', '40935971', '40639683', '40462342', '40749480', '40374420', '40385728', '40367864'}
417333,Entregado HD,2020-08-06T06:33:14.426Z,{'40610979', '40625795', '40830660', '40520543', '40884744', '40615129', '40177361', '39945698', '40738494'}
417302,Entregado HD,2020-08-06T06:16:03.462Z,{'41000462'}
417282,Solicitud de Devolución Iniciada,2020-08-06T06:01:12.526Z,{'37274322', '40173849'}
417251,Solicitud de Devolución Iniciada,2020-08-06T05:46:45.444Z,{'36007587', '38953337', '37554070'}
417212,Fulfilment con Cancelacion,2020-08-06T05:31:36.729Z,{'40516419'}
417179,Solicitud de Devolución Iniciada,2020-08-06T05:18:27.446Z,{'41095276', '41095274', '41095273'}
417156,Entregado HD,2020-08-06T05:11:34.851Z,{'38527963', '40380316'}
417149,Entregado HD,2020-08-06T05:09:35.469Z,{'40547753', '40613268', '40342264'}
417147,Entregado HD,2020-08-06T05:09:32.117Z,{'36311457'}
417101,Entregado HD,2020-08-06T04:55:43.877Z,{'40931934', '40664155', '40637269', '40645512', '40515681', '40667967', '40441671'}
416990,Solicitud de Devolución Iniciada,2020-08-06T04:27:55.264Z,{'40789211', '40132463', '40789212'}
416932,Entregado HD,2020-08-06T04:09:30.424Z,{'40380347', '40374511', '40935967', '40935965', '40935971', '40935968', '39611839', '40395991', '40374513', '40395993'}
416929,Cancelado por Validacion,2020-08-06T04:09:12.221Z,{'40084785'}
416906,Solicitud de Devolución Iniciada,2020-08-06T04:03:10.982Z,{'40842513', '31003711', '36525240'}
416861,Entregado HD,2020-08-06T03:51:57.771Z,{'40997397', '41036717', '41049932', '40837676', '40829291', '41036720'}
416815,Entregado HD,2020-08-06T03:39:11.421Z,{'40650279'}
416595,Entregado HD,2020-08-06T02:50:21.781Z,{'41049968', '40898560', '40486695', '40503321', '40499918', '40946893'}
416594,Entregado HD,2020-08-06T02:50:16.432Z,{'40645512', '40575881', '40356787'}
416557,Solicitud de Devolución Iniciada,2020-08-06T02:44:03.969Z,{'40462360', '40441620', '40376112', '40327164', '40739173', '40563168'}
416542,Entregado HD,2020-08-06T02:39:46.045Z,{'41036720', '41049934', '41049969', '40837676'}
416523,Entregado HD,2020-08-06T02:36:10.935Z,{'40927147', '40784231', '39007784', '38110260', '40899247'}
416491,Entregado HD,2020-08-06T02:30:18.754Z,{'40545974'}
416443,Entregado HD,2020-08-06T02:17:47.978Z,{'40771328', '38272694'}
416399,Entregado HD,2020-08-06T02:09:09.042Z,{'13425738'}
416354,Entregado HD,2020-08-06T01:59:27.538Z,{'40601209', '40855070', '40601210', '40855045'}
416330,Fulfilment con Cancelacion,2020-08-06T01:54:57.329Z,{'40792647', '40387539'}
416291,Entregado HD,2020-08-06T01:45:10.804Z,{'40997306', '40563337', '41000527', '40563343', '39970830', '40775016', '40652249', '39970842'}
416194,Entregado HD,2020-08-06T01:20:21.789Z,{'40513548', '40642810', '40642811'}
416168,Entregado HD,2020-08-06T01:15:03.605Z,{'40837678', '41050003', '41095274', '40613559', '40837676', '41036716', '40852609', '41000569'}
416164,Entregado HD,2020-08-06T01:15:02.078Z,{'31774327', '40666641'}
416149,Entregado HD,2020-08-06T01:10:16.681Z,{'40640303', '40880645', '40356787', '40529748'}
415989,Solicitud de Devolución Iniciada,2020-08-06T00:38:33.424Z,{'40499931', '41014072', '40386039', '40386051'}
415904,Solicitud de Devolución Iniciada,2020-08-06T00:21:13.780Z,{'41158147', '41158236', '40978727', '41140177'}
415892,Entregado HD,2020-08-06T00:18:20.103Z,{'41050003', '41049931', '41049966', '41095273', '41095276'}
415790,Entregado HD,2020-08-05T23:58:15.372Z,{'39207649', '39200187', '40524459', '19581144'}
415777,Entregado HD,2020-08-05T23:55:26.462Z,{'40652690'}
415742,Entregado HD,2020-08-05T23:48:23.165Z,{'40516483', '40757553'}
415684,Entregado HD,2020-08-05T23:36:22.484Z,{'36283359', '40173662'}
415682,Fulfilment con Cancelacion,2020-08-05T23:35:36.259Z,{'40726083'}
415541,Solicitud de Devolución Iniciada,2020-08-05T23:02:59.547Z,{'40611107', '40456164', '40611213', '40611330'}
415473,Solicitud de Devolución Iniciada,2020-08-05T22:48:10.687Z,{'41036716', '40893457', '40640923', '41050140', '41000463'}
415393,Entregado HD,2020-08-05T22:34:32.292Z,{'39956739', '41000464'}
415358,Cancelado por Validacion,2020-08-05T22:27:30.598Z,{'40878941', '38124407', '40591735', '40561303', '41139527', '39168133', '13080324', '19712398', '37582058'}
415350,Solicitud de Devolución Iniciada,2020-08-05T22:25:21.902Z,{'40461371'}
415335,Entregado HD,2020-08-05T22:21:41.273Z,{'40904896', '40607118', '40504180', '40794535'}
415316,Entregado HD,2020-08-05T22:17:32.112Z,{'40997392', '41158260', '40893527', '41014072', '41034385', '41014075', '40613558'}
415020,Entregado HD,2020-08-05T21:17:45.521Z,{'40560804', '40347073', '40441455'}
414983,Entregado HD,2020-08-05T21:09:09.041Z,{'37275044', '37275056'}
414914,Entregado HD,2020-08-05T20:49:13.479Z,{'40335193'}
414890,Solicitud de Devolución Iniciada,2020-08-05T20:43:51.821Z,{'38403141'}
414728,Entregado HD,2020-08-05T20:02:10.346Z,{'40444845'}
414720,Orden con Cancelacion,2020-08-05T20:01:03.419Z,{'39691454', '40757667', '40526011', '40571322', '40800399', '40523386'}
414689,Solicitud de Devolución Iniciada,2020-08-05T19:51:55.765Z,{'38243203', '40145727', '40071839', '40145728'}
414648,Entregado HD,2020-08-05T19:39:15.052Z,{'40762033'}
414646,Entregado HD,2020-08-05T19:38:17.043Z,{'40150570', '40529775', '40617881', '40411529'}
414644,Cancelado,2020-08-05T19:37:49.035Z,{'40240727'}
414635,Solicitud de Devolución Iniciada,2020-08-05T19:34:41.524Z,{'40386093', '40199639'}
414603,Entregado HD,2020-08-05T19:29:28.521Z,{'40640856', '40591353', '41050007', '40489220', '40385976', '40667181'}
414530,Fulfilment con Cancelacion,2020-08-05T19:10:58.239Z,{'41000567', '41000464', '41000437', '41000568'}
414455,Entregado HD,2020-08-05T18:56:51.474Z,{'40702968', '40054022', '40267663', '14642640', '39122610', '40226943', '40457474'}
414382,Solicitud de Devolución Iniciada,2020-08-05T18:43:52.981Z,{'30647357'}
414305,Entregado HD,2020-08-05T18:25:45.781Z,{'40508637', '40589958', '40590052', '40125075', '40508638', '40125074', '40590053', '40589959'}
414273,Entregado HD,2020-08-05T18:16:28.731Z,{'41139531', '40622159', '41139518'}
414259,Entregado HD,2020-08-05T18:15:48.924Z,{'39007780'}
414162,Entregado HD,2020-08-05T17:50:32.685Z,{'40315923', '40465594', '39454130', '39540153', '40465592'}
414146,Entregado HD,2020-08-05T17:46:34.701Z,{'40997292', '41014072', '41158237'}
414085,Solicitud de Devolución Iniciada,2020-08-05T17:30:41.519Z,{'40904901', '40855009', '40515704', '40607125', '40656802', '40574107', '40657261', '40656700', '40502542', '40663750'}
414037,Entregado HD,2020-08-05T17:15:02.226Z,{'31637691'}
414016,Fulfilment con Cancelacion,2020-08-05T17:06:03.074Z,{'40855070', '39263432', '40568568'}
413946,Cancelado por Validacion,2020-08-05T16:46:15.662Z,{'40775133', '40775131', '40624760', '40446442', '40775137', '38187296', '40775129', '40775115', '40775119', '40476161', '40476170'}
413913,Entregado HD,2020-08-05T16:40:40.202Z,{'40368144', '40449916', '40611640', '40545796', '40607121', '40373719', '40411523', '40916125', '40904897', '40840567'}
413898,Cancelado por Validacion,2020-08-05T16:36:22.904Z,{'40608654'}
413870,Solicitud de Devolución Iniciada,2020-08-05T16:30:04.123Z,{'40298378', '37942258'}
413804,Entregado HD,2020-08-05T16:16:03.299Z,{'41036717', '41036720'}
413750,Entregado HD,2020-08-05T16:01:06.269Z,{'41095272', '41036717', '41014072', '41049872'}
413637,Cancelado por Validacion,2020-08-05T15:25:59.648Z,{'40702968', '40702858'}
413221,Entregado HD,2020-08-05T07:36:27.612Z,{'38701325', '40607145', '40580217', '40790997'}
413190,Entregado HD,2020-08-05T06:46:10.693Z,{'40652250', '40392575', '40200376', '40461566', '40200377', '38220022', '40462342', '40613558', '40652734'}
413189,Entregado HD,2020-08-05T06:46:03.576Z,{'40823955', '40978755', '40893526', '40936381', '40635776'}
413112,Entregado HD,2020-08-05T06:00:03.895Z,{'38686231'}
413031,Solicitud de Devolución Iniciada,2020-08-05T05:27:43.131Z,{'40956959', '41034328', '40884221', '41034307', '41050073'}
413011,Orden con Cancelacion,2020-08-05T05:20:08.696Z,{'41014072'}
412995,Fulfilment con Cancelacion,2020-08-05T05:15:03.115Z,{'39648706'}
412960,Orden con Cancelacion,2020-08-05T04:59:41.426Z,{'41014071'}
412941,Cancelado por Validacion,2020-08-05T04:55:06.730Z,{'40612545', '40611604', '40612401', '40611285', '40611676', '40612559', '40611640', '40595054'}
412762,Cancelado por Validacion,2020-08-05T04:16:46.620Z,{'40742999', '40546792'}
412640,Cancelado por Validacion,2020-08-05T03:53:53.438Z,{'40739321', '40814080'}
412454,Fulfilment con Cancelacion,2020-08-05T03:20:45.422Z,{'41000501', '41034326', '41149366', '41000435', '41034368', '41050139', '41034382', '41050209', '40978735'}
412435,Fulfilment con Cancelacion,2020-08-05T03:17:30.608Z,{'40997292'}
412204,Cancelado,2020-08-05T02:31:03.101Z,{'39930826', '39689280', '41107078', '41107081'}
412018,Cancelado,2020-08-05T01:52:14.526Z,{'40840226', '40898389', '41036776', '41049888'}
411998,Entregado HD,2020-08-05T01:48:37.912Z,{'40391296', '40756623'}
411979,Entregado HD,2020-08-05T01:45:13.739Z,{'40563902'}
411958,Cancelado por Validacion,2020-08-05T01:39:26.479Z,{'37472294', '37472266'}
411948,Entregado HD,2020-08-05T01:37:26.066Z,{'40435536'}
411793,Solicitud de Devolución Iniciada,2020-08-05T01:09:12.260Z,{'40644740'}
411652,Fulfilment en Proceso,2020-08-05T00:44:40.259Z,{'40594644', '40452870', '40563112', '40561309', '40664684', '41139559', '40563117', '40563167', '40636452', '40561305', '40561301', '40368157', '40664694', '40441757'}
411607,Entregado HD,2020-08-05T00:33:41.804Z,{'30488025', '38981667', '37096777'}
411475,Entregado HD,2020-08-05T00:09:04.965Z,{'40368679', '39458830'}
411384,Entregado HD,2020-08-04T23:51:18.394Z,{'40135096', '12244798', '40951861'}
411278,Solicitud de Devolución Iniciada,2020-08-04T23:31:21.799Z,{'40607192', '40700469'}
411277,Solicitud de Devolución Iniciada,2020-08-04T23:31:16.771Z,{'37173705', '37552489', '39540153', '18720249', '39454130'}
411194,Entregado HD,2020-08-04T23:16:13.926Z,{'39919189', '40452907'}
411188,Entregado HD,2020-08-04T23:15:04.551Z,{'39326285', '40973231', '40973557'}
411156,Entregado HD,2020-08-04T23:10:25.055Z,{'39478929', '40232179', '38298136', '13559459', '38534813'}
411104,Solicitud de Devolución Iniciada,2020-08-04T23:01:03.993Z,{'41159561', '41159565', '41159562'}
411056,Solicitud de Devolución Iniciada,2020-08-04T22:53:10.289Z,{'38854043', '40229054', '39007784', '39007772', '38074175', '39649227'}
410853,Entregado HD,2020-08-04T22:16:03.334Z,{'38851636'}
410852,Entregado HD,2020-08-04T22:16:03.046Z,{'40723679', '41056154', '41056158', '40723674'}
410782,Entregado HD,2020-08-04T22:02:18.727Z,{'40452662'}
410757,Fulfilment con Cancelacion,2020-08-04T22:00:12.980Z,{'40423621', '40423624'}
410741,Solicitud de Devolución Iniciada,2020-08-04T21:55:55.126Z,{'37920070'}
410667,Solicitud de Devolución Iniciada,2020-08-04T21:39:12.239Z,{'40781528', '40215019', '40215189', '40412203', '39755515', '39039505', '39985870'}
410662,Entregado HD,2020-08-04T21:38:09.979Z,{'30546875', '31272143'}
410644,Entregado HD,2020-08-04T21:33:19.369Z,{'40424851', '40424799', '40173951'}
410556,Entregado HD,2020-08-04T21:16:26.421Z,{'38243203', '41095272', '41014071'}
410501,Entregado HD,2020-08-04T21:06:07.558Z,{'40625151', '40564877'}
410476,Entregado HD,2020-08-04T21:01:05.250Z,{'40638944'}
410425,Solicitud de Devolución Iniciada,2020-08-04T20:50:46.740Z,{'40170999', '40228228'}
410419,Solicitud de Devolución Iniciada,2020-08-04T20:49:28.341Z,{'40386000', '40743199', '40029788'}
410377,Solicitud de Devolución Iniciada,2020-08-04T20:38:48.973Z,{'40614980', '40576211', '40611009', '40797281'}
410316,Solicitud de Devolución Iniciada,2020-08-04T20:26:08.785Z,{'39724608', '41095274', '41036717'}
410261,Entregado HD,2020-08-04T20:14:13.192Z,{'40789218', '40380306'}
410241,Entregado HD,2020-08-04T20:10:11.199Z,{'40417726', '17962449'}
410187,Fulfilment con Cancelacion,2020-08-04T19:57:55.217Z,{'38925555'}
410174,Entregado HD,2020-08-04T19:54:04.954Z,{'39755515'}
410170,Fulfilment con Cancelacion,2020-08-04T19:53:02.888Z,{'40692534', '37275048', '40155048', '40901148', '37275044', '40622234', '41139522', '40476375'}
410157,Solicitud de Devolución Iniciada,2020-08-04T19:51:33.340Z,{'40047211'}
410139,Solicitud de Devolución Iniciada,2020-08-04T19:45:32.924Z,{'40380328', '40781015', '40035984', '40797317'}
410076,Solicitud de Devolución Iniciada,2020-08-04T19:32:51.085Z,{'40951786', '40861003', '40860993'}
410036,Entregado HD,2020-08-04T19:22:49.195Z,{'40474673', '17882798', '20084839', '37554070'}
409974,Entregado HD,2020-08-04T19:06:54.523Z,{'40666428', '40666427', '40666429', '40666469', '40666497'}
409935,Cancelado,2020-08-04T19:00:00.350Z,{'40071848', '40898428'}
409926,Entregado HD,2020-08-04T18:57:00.186Z,{'40592336', '41095274', '40854756'}
409736,Solicitud de Devolución Iniciada,2020-08-04T18:16:03.109Z,{'40639472', '40612336', '40601328', '40611109'}
409686,Solicitud de Devolución Iniciada,2020-08-04T18:03:14.888Z,{'39649232', '40458605'}
409566,Solicitud de Devolución Iniciada,2020-08-04T17:35:53.594Z,{'40658956', '40577412', '40658899', '40577411'}
409441,Solicitud de Devolución Iniciada,2020-08-04T17:07:40.837Z,{'40748107'}
409375,Entregado HD,2020-08-04T16:48:39.101Z,{'40763404', '40345882', '40611515'}
409298,Solicitud de Devolución Iniciada,2020-08-04T16:31:03.737Z,{'31215834', '41030293', '38817389', '41030297', '40450704'}
409287,Entregado HD,2020-08-04T16:28:15.189Z,{'41036717'}
409249,Solicitud de Devolución Iniciada,2020-08-04T16:16:06.655Z,{'40509336', '40431831', '36097930', '38981661', '40564877'}
409240,Entregado HD,2020-08-04T16:15:32.301Z,{'40564194', '40855070', '30234921', '40568563', '40564202', '40545795', '40581210'}
409170,Entregado HD,2020-08-04T15:51:45.662Z,{'40327273', '40610958', '18289190'}
409154,Solicitud de Devolución Iniciada,2020-08-04T15:49:08.988Z,{'13084244', '40461806', '35919521', '17011979', '13084229'}
409150,Entregado HD,2020-08-04T15:46:45.005Z,{'40513699'}
409140,Entregado HD,2020-08-04T15:45:43.690Z,{'35792433', '39531954'}
409126,Entregado HD,2020-08-04T15:42:24.836Z,{'40611010', '40473231', '40665440'}
409061,Entregado HD,2020-08-04T15:24:26.447Z,{'40652658', '41014072'}
409025,Entregado HD,2020-08-04T15:15:08.889Z,{'40745176'}
409009,Entregado HD,2020-08-04T15:09:52.541Z,{'40756625'}
408986,Solicitud de Devolución Iniciada,2020-08-04T15:03:25.681Z,{'40778161', '41142612', '40676199', '41142571'}
408928,Entregado HD,2020-08-04T14:49:04.836Z,{'40901319', '40612318'}
408724,Entregado HD,2020-08-04T13:31:05.012Z,{'39427377', '38462764', '38280045'}
408693,Solicitud de Devolución Iniciada,2020-08-04T13:16:05.150Z,{'40145727', '40145733'}
408664,Entregado HD,2020-08-04T13:01:04.939Z,{'39929682', '40145729', '38854043', '38110260', '38981654', '40145736'}
408649,Entregado HD,2020-08-04T12:49:47.010Z,{'38403650', '38403658'}
408611,Entregado HD,2020-08-04T12:16:02.994Z,{'40789214', '10113363'}
408576,Entregado HD,2020-08-04T09:13:29.231Z,{'41014071'}
408426,Entregado HD,2020-08-04T05:46:40.751Z,{'39390831'}
408335,Solicitud de Devolución Iniciada,2020-08-04T05:08:06.296Z,{'40400476'}
407957,Entregado HD,2020-08-04T03:20:47.062Z,{'39039505'}
407781,Solicitud de Devolución Iniciada,2020-08-04T02:42:18.805Z,{'40264062'}
407354,Entregado HD,2020-08-04T00:58:13.112Z,{'40145786'}
407191,Solicitud de Devolución Iniciada,2020-08-04T00:15:43.912Z,{'40145768', '40443367'}
406957,Cancelado por Validacion,2020-08-03T23:17:07.295Z,{'40209060'}
406911,Solicitud de Devolución Iniciada,2020-08-03T23:06:27.317Z,{'40145757'}
406784,Entregado HD,2020-08-03T22:34:45.476Z,{'40223962'}
406399,Entregado HD,2020-08-03T21:05:43.372Z,{'16330303'}
406283,Entregado HD,2020-08-03T20:32:55.179Z,{'40145762', '40145768', '40145738'}
406205,Entregado HD,2020-08-03T20:12:17.023Z,{'40549106'}
405909,Entregado HD,2020-08-03T18:51:22.215Z,{'40551362'}
405875,Entregado HD,2020-08-03T18:43:44.725Z,{'39971257'}
405795,Entregado HD,2020-08-03T18:22:51.229Z,{'37274159'}
405721,Solicitud de Devolución Iniciada,2020-08-03T18:02:54.155Z,{'15585298'}
405660,Entregado HD,2020-08-03T17:46:05.196Z,{'19497820'}
405614,Entregado HD,2020-08-03T17:36:18.546Z,{'39971300'}
405601,Solicitud de Devolución Iniciada,2020-08-03T17:32:02.141Z,{'40612503'}
405599,Entregado HD,2020-08-03T17:31:56.334Z,{'40435857'}
405324,Entregado HD,2020-08-03T16:24:03.738Z,{'39971300'}
405200,Fulfilment con Cancelacion,2020-08-03T15:46:12.638Z,{'40652100', '40474332'}
405155,Solicitud de Devolución Iniciada,2020-08-03T15:38:27.766Z,{'41056151', '41159414'}
405072,Solicitud de Devolución Iniciada,2020-08-03T15:16:09.976Z,{'41077138', '40823941', '40823983', '40929322', '40640972', '40811207', '40929323', '40997293'}
404945,Entregado HD,2020-08-03T14:31:03.318Z,{'30903727', '39971300'}
404857,Entregado HD,2020-08-03T13:47:39.033Z,{'39971265'}
404820,Solicitud de Devolución Iniciada,2020-08-03T13:20:31.332Z,{'37238349'}
404741,Entregado HD,2020-08-03T09:19:59.092Z,{'38657574'}
404271,Solicitud de Devolución Iniciada,2020-08-03T04:14:28.794Z,{'37452504'}
403920,Solicitud de Devolución Iniciada,2020-08-03T02:53:28.607Z,{'38925556'}
403781,Entregado Parcial,2020-08-03T02:25:31.137Z,{'40935941'}
403755,Entregado HD,2020-08-03T02:20:51.513Z,{'40929434'}
403466,Entregado HD,2020-08-03T01:17:54.300Z,{'40608357'}
403315,Solicitud de Devolución Iniciada,2020-08-03T00:46:03.820Z,{'40658684'}
403105,Solicitud de Devolución Iniciada,2020-08-02T23:54:21.329Z,{'40847081'}
403079,Orden con Cancelacion,2020-08-02T23:48:36.728Z,{'40145757'}
402905,Solicitud de Devolución Iniciada,2020-08-02T23:18:58.286Z,{'40643454'}
402808,Solicitud de Devolución Iniciada,2020-08-02T23:03:05.842Z,{'40110689'}
402494,Solicitud de Devolución Iniciada,2020-08-02T21:55:42.490Z,{'38421223'}
402122,Entregado HD,2020-08-02T20:32:56.947Z,{'15585298'}
401976,Entregado HD,2020-08-02T20:00:04.052Z,{'39430281'}
401974,Entregado HD,2020-08-02T20:00:03.069Z,{'39394505'}
401951,Entregado HD,2020-08-02T19:54:03.857Z,{'40229055', '31448538'}
401896,Entregado HD,2020-08-02T19:46:09.163Z,{'39430281'}
401886,Solicitud de Devolución Iniciada,2020-08-02T19:46:05.239Z,{'40489063', '41130253', '40652225', '40837715', '40499927', '41130251'}
401783,Solicitud de Devolución Iniciada,2020-08-02T19:30:03.697Z,{'16483445'}
401760,Solicitud de Devolución Iniciada,2020-08-02T19:23:54.014Z,{'40145786'}
401757,Entregado Parcial,2020-08-02T19:23:01.592Z,{'15585298'}
401725,Solicitud de Devolución Iniciada,2020-08-02T19:17:00.633Z,{'39394505', '39396584', '15585298', '39396380'}
401063,Entregado HD,2020-08-02T17:04:07.178Z,{'40551450'}
400822,Entregado HD,2020-08-02T16:03:22.677Z,{'40529846'}
400755,Entregado HD,2020-08-02T15:44:08.554Z,{'39971263', '39971300'}
400696,Orden con Cancelacion,2020-08-02T15:31:04.093Z,{'40452662'}
400690,Cancelado por Validacion,2020-08-02T15:28:52.624Z,{'40612503'}
400614,Entregado HD,2020-08-02T14:51:41.421Z,{'39971300'}
400593,Entregado HD,2020-08-02T14:44:08.109Z,{'39427673'}
400381,Solicitud de Devolución Iniciada,2020-08-02T07:45:04.984Z,{'40257079'}
400178,Entregado HD,2020-08-02T05:38:02.180Z,{'16077359'}
400168,Solicitud de Devolución Iniciada,2020-08-02T05:34:29.009Z,{'40264062'}
400130,Entregado HD,2020-08-02T05:20:24.265Z,{'40253482'}
400000,Entregado HD,2020-08-02T04:41:44.432Z,{'40551362'}
399772,Entregado HD,2020-08-02T03:49:19.014Z,{'40029741', '40293453'}
399755,Fulfilment con Cancelacion,2020-08-02T03:46:29.950Z,{'40356777', '40441507'}
399741,Entregado HD,2020-08-02T03:44:47.410Z,{'37274159'}
399720,Entregado HD,2020-08-02T03:40:45.240Z,{'40560798'}
399034,Solicitud de Devolución Iniciada,2020-08-02T01:10:19.545Z,{'38146387'}
398466,Entregado HD,2020-08-01T23:18:13.046Z,{'39174311'}
397905,Solicitud de Devolución Iniciada,2020-08-01T21:24:57.182Z,{'39420901', '37585015', '39420905'}
397839,Fulfilment con Cancelacion,2020-08-01T21:12:34.345Z,{'40622086'}
397340,Entregado HD,2020-08-01T19:21:16.464Z,{'40605011'}
397265,Solicitud de Devolución Iniciada,2020-08-01T19:08:10.580Z,{'37448598'}
397173,Fulfilment en Proceso,2020-08-01T18:50:14.025Z,{'40862474'}
397152,Entregado HD,2020-08-01T18:46:07.057Z,{'40624335'}
397020,Entregado HD,2020-08-01T18:24:33.081Z,{'40564832'}
396978,Solicitud de Devolución Iniciada,2020-08-01T18:16:05.263Z,{'40576056'}
396603,Entregado HD,2020-08-01T17:16:04.980Z,{'40749214'}
396502,Solicitud de Devolución Iniciada,2020-08-01T16:56:42.967Z,{'40612503'}
396466,Entregado HD,2020-08-01T16:48:33.013Z,{'39427673'}
396344,Fulfilment con Cancelacion,2020-08-01T16:22:10.328Z,{'31448538'}
396318,Cancelado,2020-08-01T16:16:10.894Z,{'38983638'}
396296,Entregado HD,2020-08-01T16:14:05.776Z,{'40620928'}
396267,Entregado HD,2020-08-01T16:05:37.651Z,{'40878079'}
396240,Solicitud de Devolución Iniciada,2020-08-01T16:00:11.240Z,{'39971300'}
396229,Solicitud de Devolución Iniciada,2020-08-01T15:56:21.725Z,{'40639381'}
396115,Entregado HD,2020-08-01T15:31:06.429Z,{'39971263'}
396046,Solicitud de Devolución Iniciada,2020-08-01T15:16:03.819Z,{'39971300'}
395958,Entregado HD,2020-08-01T15:00:04.084Z,{'40229033'}
395951,Entregado HD,2020-08-01T14:59:25.031Z,{'39971263'}
395876,Solicitud de Devolución Iniciada,2020-08-01T14:33:26.613Z,{'39971283'}
395745,Entregado HD,2020-08-01T13:56:11.002Z,{'40317772'}
395693,Fulfilment con Cancelacion,2020-08-01T13:41:31.478Z,{'40201697'}
395654,Entregado HD,2020-08-01T13:28:30.068Z,{'39007742', '39971264'}
395623,Solicitud de Devolución Iniciada,2020-08-01T13:16:16.808Z,{'39032276'}
395463,Solicitud de Devolución Iniciada,2020-08-01T08:22:52.321Z,{'39986173'}
395408,Entregado HD,2020-08-01T07:04:42.965Z,{'40560798'}
395401,Cancelado,2020-08-01T07:01:04.107Z,{'39446890'}
395372,Cancelado por Validacion,2020-08-01T06:40:21.112Z,{'40620928'}
395306,Fulfilment en Proceso,2020-08-01T06:08:45.206Z,{'38745606'}
395117,Entregado HD,2020-08-01T05:06:11.944Z,{'40529846'}
395007,Fulfilment con Cancelacion,2020-08-01T04:40:42.477Z,{'40935945'}
394976,Entregado Parcial,2020-08-01T04:35:35.529Z,{'40385664', '40385778', '40385951', '40898630', '41034276'}
394955,Entregado HD,2020-08-01T04:31:07.885Z,{'31448538'}
394924,Cancelado,2020-08-01T04:27:11.135Z,{'40576070'}
394735,Solicitud de Devolución Iniciada,2020-08-01T03:49:26.960Z,{'37274159'}
394534,Entregado HD,2020-08-01T03:12:25.734Z,{'40549106'}
394514,Entregado HD,2020-08-01T03:07:59.364Z,{'40702878'}
394399,Entregado HD,2020-08-01T02:46:42.422Z,{'40535245'}
394341,Entregado HD,2020-08-01T02:38:45.648Z,{'39007759'}
394061,Solicitud de Devolución Iniciada,2020-08-01T01:55:26.170Z,{'40560797', '40560789'}
394040,Orden con Cancelacion,2020-08-01T01:52:17.445Z,{'40527003', '40934055'}
393848,Entregado Parcial,2020-08-01T01:19:38.890Z,{'40261234'}
393832,Cancelado por Validacion,2020-08-01T01:16:15.239Z,{'40898400'}
393775,Entregado HD,2020-08-01T01:04:53.267Z,{'40604726'}
393721,Entregado HD,2020-08-01T00:55:51.846Z,{'12551745'}
393699,Entregado Parcial,2020-08-01T00:52:24.770Z,{'40407772'}
393698,Fulfilment con Cancelacion,2020-08-01T00:52:24.521Z,{'40783737', '40784854', '40336039'}
393692,Asignado,2020-08-01T00:51:16.887Z,{'41043897'}
393653,Solicitud de Devolución Iniciada,2020-08-01T00:44:19.052Z,{'39547756'}
393652,Fulfilment con Cancelacion,2020-08-01T00:44:14.328Z,{'40650628'}
393635,Cancelado,2020-08-01T00:39:42.442Z,{'40221279'}
393631,Entregado Parcial,2020-08-01T00:38:49.722Z,{'39755517'}
393613,Asignado,2020-08-01T00:34:10.648Z,{'40080715'}
393595,Asignado,2020-08-01T00:31:06.946Z,{'40010696'}
393593,Orden con Cancelacion,2020-08-01T00:31:06.313Z,{'40635775', '40640889', '41158125', '41158153', '41077128'}
393564,Asignado,2020-08-01T00:27:20.903Z,{'40147038', '40833324', '41149330', '40935971'}
393489,Solicitud de Devolución Iniciada,2020-08-01T00:15:03.777Z,{'40423464'}
393404,Orden con Cancelacion,2020-08-01T00:01:05.404Z,{'40617886'}
