Order Id, Order Ref, Fulfilment Id, Status, CreatedOn
1203267,1001953292,1859789,Recolectado,2021-02-24T23:47:43.510Z,
1201521,3001950607,1859770,Recolectado,2021-02-24T23:43:57.831Z,
1203209,3001953171,1859713,Recolectado,2021-02-24T23:28:15.681Z,
1203209,3001953171,1859712,Recolectado,2021-02-24T23:28:13.978Z,
1203126,1001953034,1859617,Recolectado,2021-02-24T22:53:45.661Z,
1203120,1001953024,1859603,Recolectado,2021-02-24T22:49:22.235Z,
1203115,3001952925,1859593,Recolectado,2021-02-24T22:48:06.394Z,
1203107,1001952993,1859587,Recolectado,2021-02-24T22:46:13.547Z,
1203107,1001952993,1859586,Recolectado,2021-02-24T22:46:12.357Z,
1203106,1001952982,1859581,Recolectado,2021-02-24T22:46:05.422Z,
1203100,1001953009,1859575,Recolectado,2021-02-24T22:43:46.943Z,
1203094,1001952917,1859566,Recolectado,2021-02-24T22:39:55.534Z,
1203091,3001953002,1859563,Recolectado,2021-02-24T22:38:19.288Z,
1203089,3001952912,1859558,Recolectado,2021-02-24T22:37:01.927Z,
1203028,1001952858,1859480,Recolectado,2021-02-24T22:16:06.609Z,
1202988,1001952857,1859429,Recolectado,2021-02-24T21:55:11.951Z,
1202988,1001952857,1859428,Recolectado,2021-02-24T21:55:07.767Z,
1202988,1001952857,1859427,Recolectado,2021-02-24T21:55:06.484Z,
1202979,1001952803,1859414,Recolectado,2021-02-24T21:50:42.689Z,
1202967,1001952837,1859396,Recolectado,2021-02-24T21:46:05.668Z,
1202927,2001952750,1859352,Recolectado,2021-02-24T21:26:59.710Z,
1202918,3001952732,1859342,Recolectado,2021-02-24T21:19:57.142Z,
1202910,1001952708,1859328,Recolectado,2021-02-24T21:16:07.054Z,
1202907,1001952692,1859327,Recolectado,2021-02-24T21:16:06.841Z,
1202873,3001952585,1859288,Recolectado,2021-02-24T21:00:11.192Z,
1202871,1001952670,1859280,Recolectado,2021-02-24T21:00:04.927Z,
1202855,1001952674,1859266,Recolectado,2021-02-24T20:54:07.323Z,
1202742,3001952462,1859123,Recolectado,2021-02-24T20:01:43.908Z,
1202721,1001952438,1859096,Recolectado,2021-02-24T19:50:00.670Z,
1202721,1001952438,1859095,Recolectado,2021-02-24T19:49:59.368Z,
1202721,1001952438,1859094,Recolectado,2021-02-24T19:49:56.619Z,
1202720,3001952323,1859093,Recolectado,2021-02-24T19:49:48.879Z,
1202703,1001952300,1859073,Recolectado,2021-02-24T19:45:35.204Z,
1202688,3001952306,1859057,Recolectado,2021-02-24T19:36:39.770Z,
1202684,1001952404,1859053,Recolectado,2021-02-24T19:34:40.838Z,
1202684,1001952404,1859052,Recolectado,2021-02-24T19:34:39.676Z,
1202671,3001952299,1859029,Recolectado,2021-02-24T19:30:45.931Z,
1202655,1001952381,1859013,Recolectado,2021-02-24T19:24:54.192Z,
1202640,3001952362,1858993,Recolectado,2021-02-24T19:17:44.907Z,
1202579,1001952212,1858920,Recolectado,2021-02-24T18:59:18.542Z,
1202491,1001951994,1858814,Recolectado,2021-02-24T18:28:57.501Z,
1202485,1001951991,1858807,Recolectado,2021-02-24T18:26:45.902Z,
1202467,3001951923,1858779,Recolectado,2021-02-24T18:16:10.713Z,
1202452,1001951970,1858767,Recolectado,2021-02-24T18:15:49.311Z,
1202440,1001951964,1858754,Recolectado,2021-02-24T18:10:43.598Z,
1202440,1001951964,1858753,Recolectado,2021-02-24T18:10:42.279Z,
1202436,3001952077,1858748,Recolectado,2021-02-24T18:09:32.110Z,
1202397,3001951947,1858702,Recolectado,2021-02-24T17:58:42.543Z,
1202362,1001951722,1858661,Recolectado,2021-02-24T17:45:33.533Z,
1202348,3001951878,1858645,Recolectado,2021-02-24T17:44:38.018Z,
1202291,3001951803,1858568,Recolectado,2021-02-24T17:24:13.222Z,
1066243,1001749836,1858560,Recolectado,2021-02-24T17:22:26.299Z,
1202246,1001951678,1858514,Recolectado,2021-02-24T17:05:31.527Z,
1202216,1001951667,1858477,Recolectado,2021-02-24T16:56:36.273Z,
1202215,1001951744,1858476,Recolectado,2021-02-24T16:56:02.687Z,
1202214,1001951666,1858475,Recolectado,2021-02-24T16:55:14.481Z,
1202212,3001951664,1858473,Recolectado,2021-02-24T16:54:42.484Z,
1202200,3001951652,1858459,Recolectado,2021-02-24T16:48:34.197Z,
1202185,1001951587,1858441,Recolectado,2021-02-24T16:46:06.081Z,
1202061,3001951509,1858296,Recolectado,2021-02-24T15:53:24.963Z,
1202061,3001951509,1858295,Recolectado,2021-02-24T15:53:23.185Z,
1202030,3001951363,1858261,Recolectado,2021-02-24T15:35:05.938Z,
1202029,1001951362,1858260,Recolectado,2021-02-24T15:34:26.562Z,
1202013,1001951452,1858239,Recolectado,2021-02-24T15:30:36.370Z,
1201974,1001951438,1858194,Recolectado,2021-02-24T15:10:26.094Z,
1201939,1001951229,1858142,Recolectado,2021-02-24T14:55:02.215Z,
1201866,3001951204,1858059,Recolectado,2021-02-24T14:17:28.303Z,
1201827,1001951113,1858012,Recolectado,2021-02-24T13:56:57.086Z,
1201825,3001951111,1858010,Recolectado,2021-02-24T13:55:09.323Z,
1201743,3001951055,1857918,Recolectado,2021-02-24T13:08:06.678Z,
1201719,3001951036,1857893,Recolectado,2021-02-24T12:31:05.800Z,
1201704,1001951018,1857867,Recolectado,2021-02-24T10:04:48.510Z,
1201622,3001950787,1857752,Recolectado,2021-02-24T06:41:51.283Z,
1201619,3001950785,1857749,Recolectado,2021-02-24T06:38:55.602Z,
1201611,3001950773,1857740,Recolectado,2021-02-24T06:32:29.408Z,
1201600,3001950861,1857729,Recolectado,2021-02-24T06:27:54.156Z,
1201600,3001950861,1857728,Recolectado,2021-02-24T06:27:52.651Z,
1201586,3001950737,1857710,Recolectado,2021-02-24T06:16:07.288Z,
1201575,1001950838,1857701,Recolectado,2021-02-24T06:09:26.430Z,
1201558,1001950696,1857682,Recolectado,2021-02-24T06:00:38.962Z,
1201556,3001950630,1857679,Recolectado,2021-02-24T05:59:42.640Z,
1201555,3001950628,1857678,Recolectado,2021-02-24T05:58:37.005Z,
1201539,3001950615,1857658,Recolectado,2021-02-24T05:54:40.244Z,
1201521,3001950607,1857626,Recolectado,2021-02-24T05:41:34.619Z,
1201488,3001950659,1857579,Recolectado,2021-02-24T05:32:17.824Z,
1201364,1001950428,1857434,Recolectado,2021-02-24T05:00:08.825Z,
1201365,1001950448,1857415,Recolectado,2021-02-24T04:56:09.179Z,
1201363,3001950426,1857414,Recolectado,2021-02-24T04:55:57.109Z,
1201363,3001950426,1857413,Recolectado,2021-02-24T04:55:55.331Z,
1201363,3001950426,1857411,Recolectado,2021-02-24T04:55:20.487Z,
1201358,1001950420,1857405,Recolectado,2021-02-24T04:53:18.920Z,
1201340,3001950329,1857375,Recolectado,2021-02-24T04:46:16.206Z,
1201336,3001950261,1857372,Recolectado,2021-02-24T04:46:09.960Z,
1201312,1001950299,1857358,Recolectado,2021-02-24T04:43:36.167Z,
1201314,3001950381,1857343,Recolectado,2021-02-24T04:39:44.944Z,
1201281,3001950269,1857308,Recolectado,2021-02-24T04:32:29.471Z,
1201281,3001950269,1857307,Recolectado,2021-02-24T04:32:26.542Z,
1201281,3001950269,1857306,Recolectado,2021-02-24T04:32:25.129Z,
1201281,3001950269,1857305,Recolectado,2021-02-24T04:32:23.643Z,
1201238,1001950231,1857248,Recolectado,2021-02-24T04:22:04.122Z,
1201183,3001950103,1857190,Recolectado,2021-02-24T04:06:13.141Z,
1201183,3001950103,1857189,Recolectado,2021-02-24T04:06:11.867Z,
1201180,3001950173,1857188,Recolectado,2021-02-24T04:06:05.477Z,
1201180,3001950173,1857187,Recolectado,2021-02-24T04:06:03.588Z,
1201178,3001950172,1857184,Recolectado,2021-02-24T04:05:20.945Z,
1201178,3001950172,1857181,Recolectado,2021-02-24T04:05:09.928Z,
1201177,1001950171,1857180,Recolectado,2021-02-24T04:04:44.722Z,
1201145,3001950084,1857138,Recolectado,2021-02-24T03:58:49.505Z,
1201145,3001950084,1857136,Recolectado,2021-02-24T03:58:44.623Z,
1201133,3001950028,1857121,Recolectado,2021-02-24T03:54:41.527Z,
1201124,1001950071,1857112,Recolectado,2021-02-24T03:52:16.551Z,
1201101,1001949928,1857083,Recolectado,2021-02-24T03:45:07.798Z,
1201095,3001949993,1857072,Recolectado,2021-02-24T03:43:38.086Z,
1201062,1001950040,1857056,Recolectado,2021-02-24T03:38:40.389Z,
1201069,3001949964,1857040,Recolectado,2021-02-24T03:35:49.766Z,
1201045,3001949943,1857009,Recolectado,2021-02-24T03:30:36.274Z,
1201035,1001949728,1856997,Recolectado,2021-02-24T03:27:47.886Z,
1201035,1001949728,1856996,Recolectado,2021-02-24T03:27:46.629Z,
1201030,3001949925,1856990,Recolectado,2021-02-24T03:25:53.511Z,
1201003,3001949834,1856950,Recolectado,2021-02-24T03:16:09.571Z,
1200982,1001949882,1856930,Recolectado,2021-02-24T03:12:06.659Z,
1200979,3001949710,1856925,Recolectado,2021-02-24T03:11:11.754Z,
1200959,1001949704,1856899,Recolectado,2021-02-24T03:06:03.340Z,
1200949,1001949699,1856886,Recolectado,2021-02-24T03:03:07.179Z,
1200917,3001949681,1856846,Recolectado,2021-02-24T02:55:14.053Z,
1200905,3001949814,1856835,Recolectado,2021-02-24T02:51:56.215Z,
1200859,3001949650,1856774,Recolectado,2021-02-24T02:38:28.594Z,
1200819,1001949629,1856722,Recolectado,2021-02-24T02:26:38.965Z,
1200808,3001949619,1856709,Recolectado,2021-02-24T02:23:22.920Z,
1200803,3001949615,1856704,Recolectado,2021-02-24T02:20:53.364Z,
1200801,1001949613,1856700,Recolectado,2021-02-24T02:20:30.300Z,
1200781,3001949600,1856677,Recolectado,2021-02-24T02:15:41.972Z,
1200773,3001949583,1856666,Recolectado,2021-02-24T02:12:57.623Z,
1200752,3001949560,1856643,Recolectado,2021-02-24T02:06:34.674Z,
1200740,1001949546,1856628,Recolectado,2021-02-24T02:02:54.293Z,
1200735,2001949537,1856620,Recolectado,2021-02-24T02:01:22.737Z,
1200721,1001949404,1856604,Recolectado,2021-02-24T01:55:50.575Z,
1200720,3001949520,1856603,Recolectado,2021-02-24T01:55:19.538Z,
1200704,1001949507,1856581,Recolectado,2021-02-24T01:51:33.236Z,
1200704,1001949507,1856580,Recolectado,2021-02-24T01:51:31.685Z,
1200675,1001949487,1856535,Recolectado,2021-02-24T01:44:24.429Z,
1200674,3001949377,1856534,Recolectado,2021-02-24T01:43:37.337Z,
1200665,3001949476,1856521,Recolectado,2021-02-24T01:41:51.882Z,
1200665,3001949476,1856520,Recolectado,2021-02-24T01:41:50.295Z,
1200665,3001949476,1856519,Recolectado,2021-02-24T01:41:48.987Z,
1200624,1001949443,1856466,Recolectado,2021-02-24T01:30:36.741Z,
1200602,2001949325,1856437,Recolectado,2021-02-24T01:23:27.947Z,
1200593,3001949307,1856428,Recolectado,2021-02-24T01:20:39.776Z,
1200514,3001949218,1856316,Recolectado,2021-02-24T00:58:20.073Z,
1200509,1001949106,1856310,Recolectado,2021-02-24T00:54:59.424Z,
1200488,1001949191,1856285,Recolectado,2021-02-24T00:50:29.200Z,
1200485,1001949187,1856281,Recolectado,2021-02-24T00:49:40.536Z,
1200477,3001949091,1856272,Recolectado,2021-02-24T00:47:02.911Z,
1200423,1001949068,1856190,Recolectado,2021-02-24T00:31:51.323Z,
1200409,1001949028,1856163,Recolectado,2021-02-24T00:28:33.693Z,
1200354,3001949036,1856080,Recolectado,2021-02-24T00:10:17.009Z,
1200350,1001948971,1856076,Recolectado,2021-02-24T00:09:20.896Z,
1200348,3001948970,1856073,Recolectado,2021-02-24T00:09:08.451Z,
1200342,3001948965,1856068,Recolectado,2021-02-24T00:08:01.096Z,
1200341,3001948963,1856067,Recolectado,2021-02-24T00:07:51.488Z,
1200337,1001948958,1856063,Recolectado,2021-02-24T00:06:49.003Z,
1200321,1001948937,1856041,Recolectado,2021-02-24T00:00:54.666Z,
1200317,3001948891,1856036,Recolectado,2021-02-24T00:00:08.179Z,
1200272,1001948771,1855984,Recolectado,2021-02-23T23:46:07.994Z,
1200242,3001948784,1855946,Recolectado,2021-02-23T23:36:56.967Z,
1200209,3001948839,1855906,Recolectado,2021-02-23T23:28:38.295Z,
1200199,1001948747,1855893,Recolectado,2021-02-23T23:24:25.680Z,
1200196,1001948742,1855889,Recolectado,2021-02-23T23:22:00.718Z,
1200190,1001948739,1855881,Recolectado,2021-02-23T23:20:25.754Z,
1200169,3001948699,1855851,Recolectado,2021-02-23T23:14:22.279Z,
1200147,2001948608,1855823,Recolectado,2021-02-23T23:06:35.241Z,
1200136,1001948600,1855811,Recolectado,2021-02-23T23:02:03.300Z,
1200126,1001948590,1855796,Recolectado,2021-02-23T23:01:06.392Z,
1200122,1001948663,1855794,Recolectado,2021-02-23T23:00:50.632Z,
1200096,1001948641,1855760,Recolectado,2021-02-23T22:52:08.642Z,
1200093,1001948589,1855757,Recolectado,2021-02-23T22:50:50.929Z,
1200042,3001948486,1855691,Recolectado,2021-02-23T22:31:24.417Z,
1200010,2001948460,1855653,Recolectado,2021-02-23T22:25:19.799Z,
1200004,1001948450,1855646,Recolectado,2021-02-23T22:21:36.518Z,
1199994,1001948436,1855631,Recolectado,2021-02-23T22:19:18.459Z,
1199994,1001948436,1855630,Recolectado,2021-02-23T22:19:16.760Z,
1199994,1001948436,1855629,Recolectado,2021-02-23T22:19:15.507Z,
1199976,3001948414,1855603,Recolectado,2021-02-23T22:14:11.750Z,
1199970,3001948409,1855597,Recolectado,2021-02-23T22:11:55.848Z,
1199962,3001948393,1855587,Recolectado,2021-02-23T22:07:29.718Z,
1199962,3001948393,1855586,Recolectado,2021-02-23T22:07:27.041Z,
1199962,3001948393,1855585,Recolectado,2021-02-23T22:07:25.550Z,
1199947,1001948380,1855570,Recolectado,2021-02-23T22:03:16.252Z,
1199947,1001948380,1855569,Recolectado,2021-02-23T22:03:14.121Z,
1199947,1001948380,1855568,Recolectado,2021-02-23T22:03:10.877Z,
1199947,1001948380,1855567,Recolectado,2021-02-23T22:03:09.536Z,
1199915,1001948287,1855531,Recolectado,2021-02-23T21:54:06.133Z,
1199905,1001948282,1855521,Recolectado,2021-02-23T21:51:20.133Z,
1199831,3001948193,1855424,Recolectado,2021-02-23T21:27:00.960Z,
1199829,1001948189,1855422,Recolectado,2021-02-23T21:26:15.882Z,
1199829,1001948189,1855421,Recolectado,2021-02-23T21:26:14.481Z,
1199815,3001948173,1855406,Recolectado,2021-02-23T21:22:52.491Z,
1199779,1001948141,1855363,Recolectado,2021-02-23T21:12:02.832Z,
1199746,3001948072,1855325,Recolectado,2021-02-23T21:00:16.995Z,
1199700,1001948073,1855271,Recolectado,2021-02-23T20:44:03.612Z,
1199668,3001947954,1855225,Recolectado,2021-02-23T20:31:08.074Z,
1199662,1001948043,1855216,Recolectado,2021-02-23T20:30:18.309Z,
1199546,2001947852,1855072,Recolectado,2021-02-23T19:55:21.918Z,
1199545,3001947615,1855071,Recolectado,2021-02-23T19:54:23.838Z,
1199497,1001947766,1855000,Recolectado,2021-02-23T19:37:50.258Z,
1199460,3001947580,1854948,Recolectado,2021-02-23T19:26:24.015Z,
1199458,3001947577,1854946,Recolectado,2021-02-23T19:25:20.184Z,
1199451,1001947571,1854938,Recolectado,2021-02-23T19:22:13.438Z,
1199451,1001947571,1854937,Recolectado,2021-02-23T19:22:11.898Z,
1199420,1001947701,1854902,Recolectado,2021-02-23T19:15:45.106Z,
1199403,1001947553,1854877,Recolectado,2021-02-23T19:06:47.398Z,
1199369,1001947521,1854837,Recolectado,2021-02-23T18:56:03.489Z,
1199367,1001947519,1854835,Recolectado,2021-02-23T18:55:43.414Z,
1199350,3001947327,1854812,Recolectado,2021-02-23T18:48:07.252Z,
1199257,1001947431,1854684,Recolectado,2021-02-23T18:15:22.254Z,
1199237,3001947399,1854661,Recolectado,2021-02-23T18:08:13.693Z,
1199228,1001947377,1854650,Recolectado,2021-02-23T18:03:05.194Z,
1199224,3001947371,1854646,Recolectado,2021-02-23T18:01:17.846Z,
1199216,1001947362,1854635,Recolectado,2021-02-23T17:59:33.650Z,
1199166,3001947176,1854570,Recolectado,2021-02-23T17:46:06.659Z,
1199152,1001947202,1854552,Recolectado,2021-02-23T17:41:23.960Z,
1199146,1001947197,1854546,Recolectado,2021-02-23T17:38:46.603Z,
1199104,1001947131,1854496,Recolectado,2021-02-23T17:22:36.314Z,
1199104,1001947131,1854495,Recolectado,2021-02-23T17:22:34.430Z,
1199104,1001947131,1854493,Recolectado,2021-02-23T17:22:30.712Z,
1199084,1001946971,1854470,Recolectado,2021-02-23T17:16:06.729Z,
1199045,1001947072,1854421,Recolectado,2021-02-23T16:57:57.690Z,
1199043,3001947069,1854419,Recolectado,2021-02-23T16:56:44.950Z,
1199025,1001947050,1854398,Recolectado,2021-02-23T16:49:30.367Z,
1199004,3001947037,1854377,Recolectado,2021-02-23T16:41:37.128Z,
1198991,3001946919,1854364,Recolectado,2021-02-23T16:35:22.353Z,
1198984,3001946910,1854356,Recolectado,2021-02-23T16:32:44.852Z,
1198972,1001946734,1854342,Recolectado,2021-02-23T16:31:06.159Z,
1198917,1001946858,1854274,Recolectado,2021-02-23T16:10:15.299Z,
1198916,1001946715,1854273,Recolectado,2021-02-23T16:09:42.319Z,
1198916,1001946715,1854272,Recolectado,2021-02-23T16:09:40.468Z,
1198883,1001946693,1854231,Recolectado,2021-02-23T15:57:49.201Z,
1198877,1001946823,1854225,Recolectado,2021-02-23T15:55:18.995Z,
1198868,1001946811,1854213,Recolectado,2021-02-23T15:50:53.668Z,
1198864,1001946805,1854208,Recolectado,2021-02-23T15:50:22.118Z,
1198835,3001946758,1854173,Recolectado,2021-02-23T15:32:39.128Z,
1198835,3001946758,1854172,Recolectado,2021-02-23T15:32:37.689Z,
1198827,3001946753,1854164,Recolectado,2021-02-23T15:30:17.662Z,
1198784,3001946639,1854111,Recolectado,2021-02-23T15:12:26.486Z,
1198781,1001946604,1854108,Recolectado,2021-02-23T15:11:06.638Z,
1198729,2001946552,1854049,Recolectado,2021-02-23T14:42:00.813Z,
1198644,1001946454,1853931,Recolectado,2021-02-23T13:34:20.951Z,
1198624,3001946374,1853906,Recolectado,2021-02-23T13:02:59.197Z,
1198616,3001946371,1853896,Recolectado,2021-02-23T12:37:13.806Z,
1198606,1001946319,1853883,Recolectado,2021-02-23T12:01:25.674Z,
1198583,3001946279,1853845,Recolectado,2021-02-23T09:02:55.462Z,
1198567,1001946340,1853819,Recolectado,2021-02-23T08:30:04.539Z,
1198546,3001946241,1853789,Recolectado,2021-02-23T07:43:14.199Z,
1198530,1001946222,1853769,Recolectado,2021-02-23T07:15:05.078Z,
1198530,1001946222,1853768,Recolectado,2021-02-23T07:15:03.509Z,
1198530,1001946222,1853767,Recolectado,2021-02-23T07:15:02.138Z,
1198520,3001946208,1853753,Recolectado,2021-02-23T06:59:46.145Z,
1198508,3001946008,1853734,Recolectado,2021-02-23T06:46:28.846Z,
1198468,1001946139,1853674,Recolectado,2021-02-23T06:15:55.149Z,
1198424,1001946092,1853602,Recolectado,2021-02-23T05:46:05.919Z,
1198420,1001946109,1853598,Recolectado,2021-02-23T05:39:56.114Z,
1198420,1001946109,1853597,Recolectado,2021-02-23T05:39:53.853Z,
1198403,3001946063,1853573,Recolectado,2021-02-23T05:31:05.589Z,
1198389,1001946087,1853561,Recolectado,2021-02-23T05:22:56.449Z,
1198378,1001946053,1853549,Recolectado,2021-02-23T05:15:37.657Z,
1198345,3001945920,1853509,Recolectado,2021-02-23T05:00:10.732Z,
1198339,1001945931,1853502,Recolectado,2021-02-23T04:58:53.052Z,
1198334,3001945732,1853496,Recolectado,2021-02-23T04:55:30.847Z,
1198322,3001945881,1853479,Recolectado,2021-02-23T04:45:14.431Z,
1198296,3001945888,1853450,Recolectado,2021-02-23T04:33:15.667Z,
1198242,1001945843,1853386,Recolectado,2021-02-23T04:14:48.695Z,
1198218,3001945672,1853357,Recolectado,2021-02-23T04:00:06.116Z,
1198203,1001945788,1853341,Recolectado,2021-02-23T03:50:40.842Z,
1198194,3001945747,1853332,Recolectado,2021-02-23T03:46:16.101Z,
1198194,3001945747,1853331,Recolectado,2021-02-23T03:46:14.330Z,
1198195,3001945750,1853328,Recolectado,2021-02-23T03:46:06.051Z,
1198166,3001945759,1853296,Recolectado,2021-02-23T03:34:50.799Z,
1198165,1001945758,1853295,Recolectado,2021-02-23T03:34:34.150Z,
1198162,3001945755,1853292,Recolectado,2021-02-23T03:33:39.956Z,
1198136,3001945635,1853259,Recolectado,2021-02-23T03:19:15.053Z,
1198114,3001945617,1853234,Recolectado,2021-02-23T03:10:23.221Z,
1198107,1001945610,1853227,Recolectado,2021-02-23T03:08:14.216Z,
1198077,3001945579,1853193,Recolectado,2021-02-23T02:51:56.340Z,
1198074,1001945576,1853190,Recolectado,2021-02-23T02:51:10.492Z,
1198036,3001945396,1853141,Recolectado,2021-02-23T02:34:50.950Z,
1198030,1001945389,1853134,Recolectado,2021-02-23T02:31:13.428Z,
1197990,3001945475,1853079,Recolectado,2021-02-23T02:13:39.672Z,
1197970,3001945455,1853048,Recolectado,2021-02-23T02:03:44.108Z,
1197964,1001945360,1853043,Recolectado,2021-02-23T02:01:58.589Z,
1197948,3001945439,1853025,Recolectado,2021-02-23T01:56:37.944Z,
1197942,3001945332,1853016,Recolectado,2021-02-23T01:54:10.241Z,
1197869,1001945127,1852912,Recolectado,2021-02-23T01:10:56.975Z,
1197862,3001945248,1852899,Recolectado,2021-02-23T01:06:25.391Z,
1197844,1001945103,1852868,Recolectado,2021-02-23T01:00:10.206Z,
1197840,3001945228,1852861,Recolectado,2021-02-23T00:57:21.586Z,
1196314,3001942763,1852804,Recolectado,2021-02-23T00:43:14.928Z,
1197799,1001945096,1852789,Recolectado,2021-02-23T00:41:23.254Z,
1197727,3001945022,1852703,Recolectado,2021-02-23T00:13:09.816Z,
1197720,3001945046,1852695,Recolectado,2021-02-23T00:08:46.864Z,
1197710,3001945039,1852681,Recolectado,2021-02-23T00:04:51.597Z,
1197697,3001944948,1852654,Recolectado,2021-02-23T00:00:05.903Z,
1197673,1001944963,1852629,Recolectado,2021-02-22T23:49:28.383Z,
1197641,3001944809,1852585,Recolectado,2021-02-22T23:36:40.512Z,
1197622,3001944917,1852562,Recolectado,2021-02-22T23:29:46.712Z,
1197603,3001944901,1852527,Recolectado,2021-02-22T23:21:18.804Z,
1197163,3001944260,1852478,Recolectado,2021-02-22T23:13:07.688Z,
1197569,1001944872,1852465,Recolectado,2021-02-22T23:10:37.257Z,
1197567,1001944783,1852464,Recolectado,2021-02-22T23:10:13.880Z,
1197557,1001944861,1852448,Recolectado,2021-02-22T23:06:44.634Z,
1197500,1001944699,1852384,Recolectado,2021-02-22T22:45:36.762Z,
1197500,1001944699,1852383,Recolectado,2021-02-22T22:45:34.951Z,
1197500,1001944699,1852382,Recolectado,2021-02-22T22:45:27.243Z,
1197482,2001944739,1852353,Recolectado,2021-02-22T22:37:20.395Z,
1197473,1001944532,1852337,Recolectado,2021-02-22T22:32:11.528Z,
1197473,1001944532,1852336,Recolectado,2021-02-22T22:32:07.938Z,
1197473,1001944532,1852335,Recolectado,2021-02-22T22:32:05.658Z,
1197471,3001944669,1852333,Recolectado,2021-02-22T22:31:27.908Z,
1197437,1001944637,1852293,Recolectado,2021-02-22T22:18:49.336Z,
1197423,3001944622,1852277,Recolectado,2021-02-22T22:12:30.794Z,
1197415,1001944510,1852267,Recolectado,2021-02-22T22:08:47.778Z,
1197338,3001944419,1852167,Recolectado,2021-02-22T21:31:06.637Z,
1197253,1001944230,1852046,Recolectado,2021-02-22T20:56:08.989Z,
1197240,1001944356,1852032,Recolectado,2021-02-22T20:49:36.469Z,
1197210,1001944200,1851980,Recolectado,2021-02-22T20:32:14.911Z,
1197210,1001944200,1851979,Recolectado,2021-02-22T20:32:10.563Z,
1197135,1001944158,1851883,Recolectado,2021-02-22T19:54:47.674Z,
1197104,3001944145,1851840,Recolectado,2021-02-22T19:41:55.846Z,
1197087,3001944014,1851810,Recolectado,2021-02-22T19:31:08.143Z,
1197066,1001943819,1851786,Recolectado,2021-02-22T19:19:52.557Z,
1197059,1001944022,1851778,Recolectado,2021-02-22T19:16:42.049Z,
1197056,1001943810,1851777,Recolectado,2021-02-22T19:16:30.106Z,
1197056,1001943810,1851776,Recolectado,2021-02-22T19:16:26.757Z,
1197058,1001944021,1851775,Recolectado,2021-02-22T19:16:25.569Z,
1197049,3001944016,1851765,Recolectado,2021-02-22T19:15:38.639Z,
1197047,1001944012,1851763,Recolectado,2021-02-22T19:14:58.893Z,
1196997,1001943942,1851691,Recolectado,2021-02-22T18:55:03.360Z,
1196994,3001943940,1851688,Recolectado,2021-02-22T18:54:36.924Z,
1196968,1001943876,1851654,Recolectado,2021-02-22T18:46:05.453Z,
1196960,1001943883,1851648,Recolectado,2021-02-22T18:41:58.789Z,
1196920,3001943851,1851602,Recolectado,2021-02-22T18:27:28.556Z,
1196853,2001943668,1851513,Recolectado,2021-02-22T18:03:20.535Z,
1196834,3001943510,1851492,Recolectado,2021-02-22T17:56:19.052Z,
1196828,3001943645,1851482,Recolectado,2021-02-22T17:53:46.212Z,
1196806,1001943623,1851454,Recolectado,2021-02-22T17:40:17.118Z,
1196797,3001943612,1851442,Recolectado,2021-02-22T17:34:19.192Z,
1196789,3001943568,1851434,Recolectado,2021-02-22T17:30:15.900Z,
1196789,3001943568,1851433,Recolectado,2021-02-22T17:30:14.480Z,
1196786,1001943586,1851425,Recolectado,2021-02-22T17:30:07.191Z,
1196781,3001943601,1851422,Recolectado,2021-02-22T17:29:29.926Z,
1196775,1001943483,1851414,Recolectado,2021-02-22T17:23:47.270Z,
1196752,1001943562,1851384,Recolectado,2021-02-22T17:09:43.936Z,
1196656,3001943347,1851264,Recolectado,2021-02-22T16:15:30.346Z,
1196647,1001943331,1851249,Recolectado,2021-02-22T16:08:43.302Z,
1196645,1001943330,1851246,Recolectado,2021-02-22T16:08:32.280Z,
1196627,3001943313,1851224,Recolectado,2021-02-22T15:56:34.628Z,
1196621,3001943306,1851214,Recolectado,2021-02-22T15:51:16.035Z,
1196619,1001943118,1851212,Recolectado,2021-02-22T15:49:34.705Z,
1196603,3001943292,1851196,Recolectado,2021-02-22T15:41:28.266Z,
1196601,3001943288,1851194,Recolectado,2021-02-22T15:40:03.560Z,
1196599,1001943285,1851192,Recolectado,2021-02-22T15:37:58.224Z,
1196596,3001943283,1851188,Recolectado,2021-02-22T15:35:27.670Z,
1196567,1001943255,1851150,Recolectado,2021-02-22T15:16:10.397Z,
1196565,3001943245,1851145,Recolectado,2021-02-22T15:16:06.564Z,
1196541,3001943088,1851120,Recolectado,2021-02-22T14:52:44.348Z,
1196528,3001943223,1851104,Recolectado,2021-02-22T14:39:20.645Z,
1196475,3001943172,1851042,Recolectado,2021-02-22T11:16:08.841Z,
1196460,1001943048,1851026,Recolectado,2021-02-22T09:31:45.114Z,
1196460,1001943048,1851025,Recolectado,2021-02-22T09:31:43.257Z,
1196460,1001943048,1851024,Recolectado,2021-02-22T09:31:41.118Z,
1196460,1001943048,1851023,Recolectado,2021-02-22T09:31:39.381Z,
1196458,1001943043,1851020,Recolectado,2021-02-22T09:11:03.306Z,
1196404,3001942962,1850949,Recolectado,2021-02-22T06:53:59.569Z,
1196380,3001942866,1850915,Recolectado,2021-02-22T06:31:06.793Z,
1196378,3001942813,1850914,Recolectado,2021-02-22T06:31:05.007Z,
1196376,3001942828,1850913,Recolectado,2021-02-22T06:30:56.113Z,
1196340,3001942767,1850869,Recolectado,2021-02-22T06:01:01.905Z,
1196340,3001942767,1850868,Recolectado,2021-02-22T06:00:58.555Z,
1196340,3001942767,1850867,Recolectado,2021-02-22T06:00:57.317Z,
1196340,3001942767,1850866,Recolectado,2021-02-22T06:00:56.056Z,
1196343,3001942846,1850865,Recolectado,2021-02-22T06:00:54.718Z,
1196308,1001942759,1850822,Recolectado,2021-02-22T05:37:16.414Z,
1196300,1001942747,1850814,Recolectado,2021-02-22T05:32:10.644Z,
1196244,1001942706,1850739,Recolectado,2021-02-22T05:11:00.703Z,
1196238,3001942699,1850732,Recolectado,2021-02-22T05:09:45.498Z,
1196152,3001942538,1850607,Recolectado,2021-02-22T04:31:11.143Z,
1196088,3001942319,1850530,Recolectado,2021-02-22T04:11:23.443Z,
1196085,3001942317,1850527,Recolectado,2021-02-22T04:10:38.287Z,
1196050,1001942305,1850480,Recolectado,2021-02-22T03:57:33.007Z,
1196033,3001942408,1850462,Recolectado,2021-02-22T03:52:00.764Z,
1195993,1001942364,1850413,Recolectado,2021-02-22T03:41:38.407Z,
1195974,3001942208,1850383,Recolectado,2021-02-22T03:30:43.096Z,
1195970,3001942181,1850378,Recolectado,2021-02-22T03:30:39.554Z,
1195960,1001942229,1850367,Recolectado,2021-02-22T03:28:33.806Z,
1195959,3001942228,1850366,Recolectado,2021-02-22T03:27:37.023Z,
1195957,3001942226,1850362,Recolectado,2021-02-22T03:26:07.791Z,
1195952,1001942219,1850357,Recolectado,2021-02-22T03:23:30.999Z,
1195948,3001942218,1850354,Recolectado,2021-02-22T03:22:32.256Z,
1195948,3001942218,1850353,Recolectado,2021-02-22T03:22:30.122Z,
1195948,3001942218,1850352,Recolectado,2021-02-22T03:22:28.777Z,
1195946,1001942261,1850349,Recolectado,2021-02-22T03:21:28.912Z,
1195943,1001942212,1850346,Recolectado,2021-02-22T03:20:20.361Z,
1195916,1001942186,1850312,Recolectado,2021-02-22T03:12:45.901Z,
1195852,2001942130,1850227,Recolectado,2021-02-22T02:51:25.035Z,
1195845,1001942124,1850218,Recolectado,2021-02-22T02:49:45.041Z,
1195833,3001942107,1850201,Recolectado,2021-02-22T02:46:12.722Z,
1195831,3001942089,1850196,Recolectado,2021-02-22T02:46:07.640Z,
1195809,1001942085,1850167,Recolectado,2021-02-22T02:36:32.447Z,
1195809,1001942085,1850166,Recolectado,2021-02-22T02:36:30.877Z,
1195809,1001942085,1850165,Recolectado,2021-02-22T02:36:29.477Z,
1195794,1001941891,1850142,Recolectado,2021-02-22T02:31:05.613Z,
1195786,2001941896,1850120,Recolectado,2021-02-22T02:25:25.082Z,
1195723,1001941994,1850036,Recolectado,2021-02-22T02:01:48.472Z,
1195704,3001941973,1850011,Recolectado,2021-02-22T01:53:18.544Z,
1195695,1001941963,1849998,Recolectado,2021-02-22T01:48:16.521Z,
1195695,1001941963,1849996,Recolectado,2021-02-22T01:48:13.366Z,
1195679,3001941958,1849970,Recolectado,2021-02-22T01:45:06.877Z,
1195658,3001941841,1849945,Recolectado,2021-02-22T01:35:52.773Z,
1195640,3001941825,1849921,Recolectado,2021-02-22T01:25:24.723Z,
1195576,1001941761,1849825,Recolectado,2021-02-22T01:01:36.926Z,
1195530,3001941593,1849759,Recolectado,2021-02-22T00:46:10.254Z,
1195527,3001941582,1849758,Recolectado,2021-02-22T00:46:10.246Z,
1193875,3001939026,1849747,Recolectado,2021-02-22T00:45:08.742Z,
1195497,1001941648,1849716,Recolectado,2021-02-22T00:33:39.639Z,
1195475,1001941432,1849687,Recolectado,2021-02-22T00:23:10.878Z,
1194511,3001940241,1849604,Recolectado,2021-02-22T00:10:23.742Z,
1195431,1001941406,1849603,Recolectado,2021-02-22T00:09:58.475Z,
