Order ID, Order Ref
40,7
39,6
36,4
35,3
34,2
1,1
655,100075269
481,100074945
481,100074945
481,100074945
481,100074945
248268,300457342
245173,100452208
242785,100448533
242785,100448533
242785,100448533
242785,100448533
242785,100448533
242785,100448533
242785,100448533
242785,100448533
242785,100448533
242785,100448533
242785,100448533
242785,100448533
242785,100448533
242785,100448533
242785,100448533
242785,100448533
242785,100448533
242785,100448533
242785,100448533
242785,100448533
242785,100448533
242785,100448533
242785,100448533
242785,100448533
242785,100448533
242785,100448533
242785,100448533
242785,100448533
242785,100448533
242785,100448533
242785,100448533
242785,100448533
242785,100448533
242785,100448533
242785,100448533
242785,100448533
242785,100448533
242785,100448533
242785,100448533
242785,100448533
242785,100448533
242785,100448533
242785,100448533
242785,100448533
242785,100448533
242785,100448533
242785,100448533
242785,100448533
242785,100448533
241658,100446924
240560,100445274
238827,100442541
231121,300430848
225682,300422389
225004,100421553
225004,100421553
225004,100421553
225004,100421553
225004,100421553
225004,100421553
225004,100421553
225004,100421553
225004,100421553
224749,100421035
224711,100420924
223980,100419932
223980,100419932
223980,100419932
223980,100419932
223980,100419932
223980,100419932
223980,100419932
223980,100419932
223980,100419932
223980,100419932
223980,100419932
223980,100419932
223980,100419932
223980,100419932
223980,100419932
223980,100419932
223980,100419932
223980,100419932
223980,100419932
223980,100419932
223980,100419932
223980,100419932
223980,100419932
223980,100419932
223980,100419932
223980,100419932
223980,100419932
223980,100419932
223980,100419932
223980,100419932
223980,100419932
223980,100419932
223980,100419932
223980,100419932
223980,100419932
223980,100419932
223980,100419932
223980,100419932
223980,100419932
223980,100419932
223980,100419932
223980,100419932
223980,100419932
223980,100419932
223980,100419932
223980,100419932
223980,100419932
223980,100419932
223980,100419932
223980,100419932
223980,100419932
223980,100419932
223980,100419932
223980,100419932
223980,100419932
223980,100419932
223980,100419932
223980,100419932
223980,100419932
223980,100419932
223980,100419932
223980,100419932
223980,100419932
223980,100419932
223980,100419932
223980,100419932
223980,100419932
223980,100419932
223980,100419932
223980,100419932
223980,100419932
223980,100419932
223980,100419932
223980,100419932
223980,100419932
223980,100419932
223980,100419932
223980,100419932
223980,100419932
223980,100419932
223980,100419932
222692,300417966
219561,100413155
219561,100413155
219561,100413155
219561,100413155
219561,100413155
219561,100413155
219561,100413155
219561,100413155
219561,100413155
219510,300413027
218687,100411857
218687,100411857
218687,100411857
218687,100411857
218687,100411857
218687,100411857
218687,100411857
218687,100411857
218687,100411857
218457,100411589
218273,300411126
218273,300411126
218273,300411126
218273,300411126
218273,300411126
218273,300411126
218273,300411126
218273,300411126
218273,300411126
217644,100410553
217644,100410553
217644,100410553
217644,100410553
217644,100410553
217644,100410553
217644,100410553
217644,100410553
217644,100410553
211113,100400795
209906,100399008
209906,100399008
209906,100399008
209906,100399008
209475,100398407
209257,100398128
209257,100398128
209257,100398128
209257,100398128
209151,300397987
208534,100396932
208534,100396932
208534,100396932
208534,100396932
208534,100396932
208534,100396932
208534,100396932
208534,100396932
208534,100396932
208133,300396463
208133,300396463
208133,300396463
208133,300396463
208133,300396463
208133,300396463
208133,300396463
208133,300396463
208133,300396463
207400,100395538
207400,100395538
207400,100395538
207400,100395538
207029,100394731
204553,300391302
204376,100390995
204229,100390768
204229,100390768
204229,100390768
204229,100390768
202920,100388856
201740,300387142
147557,100301344
147557,100301344
147557,100301344
147557,100301344
147545,100301439
138694,100286664
131852,100275469
124976,100264059
116586,200250402
116586,200250402
116586,200250402
116586,200250402
107496,300236050
107490,100236146
392880,3000693394
391386,1000690442
390853,3000689230
390853,3000689230
390853,3000689230
390853,3000689230
390836,3000689126
390836,3000689126
390836,3000689126
390836,3000689126
390836,3000689126
390836,3000689126
390836,3000689126
390836,3000689126
390836,3000689126
390836,3000689126
390836,3000689126
390836,3000689126
390836,3000689126
390836,3000689126
390836,3000689126
390836,3000689126
390836,3000689126
390836,3000689126
390836,3000689126
390836,3000689126
390836,3000689126
390836,3000689126
390836,3000689126
390836,3000689126
390836,3000689126
390836,3000689126
390836,3000689126
390836,3000689126
390836,3000689126
390836,3000689126
390836,3000689126
390836,3000689126
390836,3000689126
390836,3000689126
390836,3000689126
390836,3000689126
389385,1000686346
388041,3000683925
386079,3000680443
385288,1000678810
385288,1000678810
385288,1000678810
385288,1000678810
384959,3000678237
384959,3000678237
384959,3000678237
384959,3000678237
384526,1000677468
384526,1000677468
384526,1000677468
384526,1000677468
384526,1000677468
384526,1000677468
384526,1000677468
384526,1000677468
384526,1000677468
384526,1000677468
384526,1000677468
384526,1000677468
384526,1000677468
384526,1000677468
384526,1000677468
384526,1000677468
384526,1000677468
384526,1000677468
384526,1000677468
384526,1000677468
384526,1000677468
384526,1000677468
384526,1000677468
384526,1000677468
384526,1000677468
384526,1000677468
384526,1000677468
384526,1000677468
384526,1000677468
384526,1000677468
384526,1000677468
384526,1000677468
384526,1000677468
384526,1000677468
384526,1000677468
384526,1000677468
384526,1000677468
384526,1000677468
384526,1000677468
384526,1000677468
384526,1000677468
384526,1000677468
384526,1000677468
384526,1000677468
384526,1000677468
384526,1000677468
384526,1000677468
384526,1000677468
384526,1000677468
384526,1000677468
384526,1000677468
384526,1000677468
384526,1000677468
384526,1000677468
384526,1000677468
384526,1000677468
384526,1000677468
384526,1000677468
384526,1000677468
384526,1000677468
384526,1000677468
384526,1000677468
384526,1000677468
384526,1000677468
384090,1000676687
384090,1000676687
384090,1000676687
384090,1000676687
384090,1000676687
384090,1000676687
384090,1000676687
384090,1000676687
384090,1000676687
384090,1000676687
384090,1000676687
384090,1000676687
384090,1000676687
384090,1000676687
384090,1000676687
384090,1000676687
384090,1000676687
384090,1000676687
384090,1000676687
384090,1000676687
384090,1000676687
384090,1000676687
384090,1000676687
384090,1000676687
384090,1000676687
384090,1000676687
384090,1000676687
384090,1000676687
384090,1000676687
384090,1000676687
384090,1000676687
384090,1000676687
384090,1000676687
384090,1000676687
384090,1000676687
384090,1000676687
384090,1000676687
384090,1000676687
384090,1000676687
384090,1000676687
384090,1000676687
384090,1000676687
384090,1000676687
384090,1000676687
384090,1000676687
384090,1000676687
384090,1000676687
384090,1000676687
384090,1000676687
384090,1000676687
384090,1000676687
384090,1000676687
384090,1000676687
384090,1000676687
384090,1000676687
384090,1000676687
384090,1000676687
384090,1000676687
384090,1000676687
384090,1000676687
384090,1000676687
384090,1000676687
384090,1000676687
384090,1000676687
384090,1000676687
384090,1000676687
384090,1000676687
384090,1000676687
384090,1000676687
384090,1000676687
384090,1000676687
384090,1000676687
384090,1000676687
384090,1000676687
384090,1000676687
384090,1000676687
384090,1000676687
384090,1000676687
384090,1000676687
384090,1000676687
384090,1000676687
383681,3000675867
383201,1000674929
383201,1000674929
383201,1000674929
383201,1000674929
382818,1000674279
382818,1000674279
382818,1000674279
382818,1000674279
382818,1000674279
382818,1000674279
382818,1000674279
382818,1000674279
382818,1000674279
382209,1000673100
382209,1000673100
382209,1000673100
382209,1000673100
382209,1000673100
382209,1000673100
382209,1000673100
382209,1000673100
382209,1000673100
382209,1000673100
382209,1000673100
382209,1000673100
382209,1000673100
382209,1000673100
382209,1000673100
382209,1000673100
382209,1000673100
382209,1000673100
382209,1000673100
382209,1000673100
382209,1000673100
382209,1000673100
382209,1000673100
382209,1000673100
382209,1000673100
382209,1000673100
382209,1000673100
382209,1000673100
382209,1000673100
382209,1000673100
382209,1000673100
382209,1000673100
382209,1000673100
382209,1000673100
382209,1000673100
382209,1000673100
382209,1000673100
382209,1000673100
382209,1000673100
382209,1000673100
382209,1000673100
382209,1000673100
382209,1000673100
382209,1000673100
382209,1000673100
382209,1000673100
382209,1000673100
382209,1000673100
382209,1000673100
382129,3000672831
381935,1000672525
381935,1000672525
381935,1000672525
381935,1000672525
381409,3000671584
381409,3000671584
381409,3000671584
381409,3000671584
381109,3000671028
381109,3000671028
381109,3000671028
381109,3000671028
381109,3000671028
381109,3000671028
381109,3000671028
381109,3000671028
381109,3000671028
380989,1000670732
380989,1000670732
380989,1000670732
380989,1000670732
380989,1000670732
380989,1000670732
380989,1000670732
380989,1000670732
380989,1000670732
380989,1000670732
380989,1000670732
380989,1000670732
380989,1000670732
380989,1000670732
380989,1000670732
380989,1000670732
380696,1000670357
378788,3000667009
378175,1000665893
378175,1000665893
378175,1000665893
378175,1000665893
378175,1000665893
378175,1000665893
378175,1000665893
378175,1000665893
378175,1000665893
378175,1000665893
378175,1000665893
378175,1000665893
378175,1000665893
378175,1000665893
378175,1000665893
378175,1000665893
377397,1000664599
376369,3000662859
375066,3000660458
375066,3000660458
375066,3000660458
375066,3000660458
375066,3000660458
375066,3000660458
375066,3000660458
375066,3000660458
375066,3000660458
375066,3000660458
375066,3000660458
375066,3000660458
375066,3000660458
375066,3000660458
375066,3000660458
375066,3000660458
375066,3000660458
375066,3000660458
375066,3000660458
375066,3000660458
375066,3000660458
375066,3000660458
375066,3000660458
375066,3000660458
375066,3000660458
375066,3000660458
375066,3000660458
375066,3000660458
375066,3000660458
375066,3000660458
375066,3000660458
375066,3000660458
375066,3000660458
375066,3000660458
375066,3000660458
375066,3000660458
374057,1000658373
373042,3000656585
371839,1000654126
371812,3000654163
371106,1000652688
371093,3000652674
371093,3000652674
371093,3000652674
371093,3000652674
371093,3000652674
371093,3000652674
371093,3000652674
371093,3000652674
371093,3000652674
368601,3000648023
368601,3000648023
368601,3000648023
368601,3000648023
368601,3000648023
368601,3000648023
368601,3000648023
368601,3000648023
368601,3000648023
368601,3000648023
368601,3000648023
368601,3000648023
368601,3000648023
368601,3000648023
368601,3000648023
368601,3000648023
368465,3000647792
367893,3000646719
367327,1000645707
367327,1000645707
367327,1000645707
367327,1000645707
367327,1000645707
367327,1000645707
367327,1000645707
367327,1000645707
367327,1000645707
367327,1000645707
367327,1000645707
367327,1000645707
367327,1000645707
367327,1000645707
367327,1000645707
367327,1000645707
367327,1000645707
367327,1000645707
367327,1000645707
367327,1000645707
367327,1000645707
367327,1000645707
367327,1000645707
367327,1000645707
367327,1000645707
367327,1000645707
367327,1000645707
367327,1000645707
367327,1000645707
367327,1000645707
367327,1000645707
367327,1000645707
367327,1000645707
367327,1000645707
367327,1000645707
367327,1000645707
367327,1000645707
367327,1000645707
367327,1000645707
367327,1000645707
367327,1000645707
367327,1000645707
367327,1000645707
367327,1000645707
367327,1000645707
367327,1000645707
367327,1000645707
367327,1000645707
367327,1000645707
364680,1000640698
364680,1000640698
364680,1000640698
364680,1000640698
364680,1000640698
364680,1000640698
364680,1000640698
364680,1000640698
364680,1000640698
364643,3000640671
364007,1000639554
364007,1000639554
364007,1000639554
364007,1000639554
364007,1000639554
364007,1000639554
364007,1000639554
364007,1000639554
364007,1000639554
363359,3000638387
363359,3000638387
363359,3000638387
363359,3000638387
361875,1000635448
361680,3000635167
361119,3000634181
360063,3000632184
357895,1000628243
356662,1000625992
355409,1000623614
355409,1000623614
355409,1000623614
355409,1000623614
355409,1000623614
355409,1000623614
355409,1000623614
355409,1000623614
355409,1000623614
353571,3000620239
353571,3000620239
353571,3000620239
353571,3000620239
353571,3000620239
353571,3000620239
353571,3000620239
353571,3000620239
353571,3000620239
353186,1000619625
353186,1000619625
353186,1000619625
353186,1000619625
353186,1000619625
353186,1000619625
353186,1000619625
353186,1000619625
353186,1000619625
352761,3000618824
352761,3000618824
352761,3000618824
352761,3000618824
352761,3000618824
352761,3000618824
352761,3000618824
352761,3000618824
352761,3000618824
352761,3000618824
352761,3000618824
352761,3000618824
352761,3000618824
352761,3000618824
352761,3000618824
352761,3000618824
352761,3000618824
352761,3000618824
352761,3000618824
352761,3000618824
352761,3000618824
352761,3000618824
352761,3000618824
352761,3000618824
352761,3000618824
352761,3000618824
352761,3000618824
352761,3000618824
352761,3000618824
352761,3000618824
352761,3000618824
352761,3000618824
352761,3000618824
352761,3000618824
352761,3000618824
352761,3000618824
352761,3000618824
352761,3000618824
352761,3000618824
352761,3000618824
352761,3000618824
352761,3000618824
352761,3000618824
352761,3000618824
352761,3000618824
352761,3000618824
352761,3000618824
352761,3000618824
352761,3000618824
352722,3000618697
352722,3000618697
352722,3000618697
352722,3000618697
352722,3000618697
352722,3000618697
352722,3000618697
352722,3000618697
352722,3000618697
351530,3000616539
349587,2000612728
349587,2000612728
349587,2000612728
349587,2000612728
349401,3000612551
348824,3000611480
348824,3000611480
348824,3000611480
348824,3000611480
348824,3000611480
348824,3000611480
348824,3000611480
348824,3000611480
348824,3000611480
348824,3000611480
348824,3000611480
348824,3000611480
348824,3000611480
348824,3000611480
348824,3000611480
348824,3000611480
348824,3000611480
348824,3000611480
348824,3000611480
348824,3000611480
348824,3000611480
348824,3000611480
348824,3000611480
348824,3000611480
348824,3000611480
348824,3000611480
348824,3000611480
348824,3000611480
348824,3000611480
348824,3000611480
348824,3000611480
348824,3000611480
348824,3000611480
348824,3000611480
348824,3000611480
348824,3000611480
348824,3000611480
348824,3000611480
348824,3000611480
348824,3000611480
348824,3000611480
348824,3000611480
348824,3000611480
348824,3000611480
348824,3000611480
348824,3000611480
348824,3000611480
348824,3000611480
348824,3000611480
345490,3000606751
344885,3000605891
344885,3000605891
344885,3000605891
344885,3000605891
344885,3000605891
344885,3000605891
344885,3000605891
344885,3000605891
344885,3000605891
344885,3000605891
344885,3000605891
344885,3000605891
344885,3000605891
344885,3000605891
344885,3000605891
344885,3000605891
344115,3000604754
344115,3000604754
344115,3000604754
344115,3000604754
344115,3000604754
344115,3000604754
344115,3000604754
344115,3000604754
344115,3000604754
344080,3000604634
344080,3000604634
344080,3000604634
344080,3000604634
344080,3000604634
344080,3000604634
344080,3000604634
344080,3000604634
344080,3000604634
344080,3000604634
344080,3000604634
344080,3000604634
344080,3000604634
344080,3000604634
344080,3000604634
344080,3000604634
344080,3000604634
344080,3000604634
344080,3000604634
344080,3000604634
344080,3000604634
344080,3000604634
344080,3000604634
344080,3000604634
344080,3000604634
343744,3000604080
343719,3000604019
343719,3000604019
343719,3000604019
343719,3000604019
343474,1000603743
342497,3000602185
342268,1000601796
341817,3000601139
341641,3000600884
341619,3000600792
341619,3000600792
341619,3000600792
341619,3000600792
341619,3000600792
341619,3000600792
341619,3000600792
341619,3000600792
341619,3000600792
341619,3000600792
341619,3000600792
341619,3000600792
341619,3000600792
341619,3000600792
341619,3000600792
341619,3000600792
341619,3000600792
341619,3000600792
341619,3000600792
341619,3000600792
341619,3000600792
341619,3000600792
341619,3000600792
341619,3000600792
341619,3000600792
339791,1000598155
339791,1000598155
339791,1000598155
339791,1000598155
339791,1000598155
339791,1000598155
339791,1000598155
339791,1000598155
339791,1000598155
339741,3000598069
339098,100597150
339026,100597058
338613,300596485
337856,300595411
337856,300595411
337856,300595411
337856,300595411
337856,300595411
337856,300595411
337856,300595411
337856,300595411
337856,300595411
337856,300595411
337856,300595411
337856,300595411
337856,300595411
337856,300595411
337856,300595411
337856,300595411
327406,100580196
327406,100580196
327406,100580196
327406,100580196
305249,100545962
288430,100520495
288294,300520352
286523,300517639
286154,300516969
286154,300516969
286154,300516969
286154,300516969
284960,300515031
284575,100514429
283451,100512776
279135,100505878
270635,100492886
261551,100478527
259821,100475984
255796,200469553
255796,200469553
255796,200469553
255796,200469553
252633,100464301
252633,100464301
252633,100464301
252633,100464301
252136,300463663
502433,1000886251
502433,1000886251
502433,1000886251
502433,1000886251
502433,1000886251
502433,1000886251
502433,1000886251
502433,1000886251
502433,1000886251
498529,1000879636
497735,1000878059
496943,1000876746
496943,1000876746
496943,1000876746
496943,1000876746
496943,1000876746
496943,1000876746
496943,1000876746
496943,1000876746
496943,1000876746
496901,1000876503
496901,1000876503
496901,1000876503
496901,1000876503
496643,1000876182
496374,1000875760
495227,1000873467
495227,1000873467
495227,1000873467
495227,1000873467
495227,1000873467
495227,1000873467
495227,1000873467
495227,1000873467
495227,1000873467
495227,1000873467
495227,1000873467
495227,1000873467
495227,1000873467
495227,1000873467
495227,1000873467
495227,1000873467
495227,1000873467
495227,1000873467
495227,1000873467
495227,1000873467
495227,1000873467
495227,1000873467
495227,1000873467
495227,1000873467
495227,1000873467
495227,1000873467
495227,1000873467
495227,1000873467
495227,1000873467
495227,1000873467
495227,1000873467
495227,1000873467
495227,1000873467
495227,1000873467
495227,1000873467
495227,1000873467
494743,1000872424
494263,1000871672
494263,1000871672
494263,1000871672
494263,1000871672
494263,1000871672
494263,1000871672
494263,1000871672
494263,1000871672
494263,1000871672
494263,1000871672
494263,1000871672
494263,1000871672
494263,1000871672
494263,1000871672
494263,1000871672
494263,1000871672
493957,1000871113
492062,1000867516
492062,1000867516
492062,1000867516
492062,1000867516
491645,1000866881
489205,1000862786
489036,1000862552
489036,1000862552
489036,1000862552
489036,1000862552
488168,1000861207
480850,3000847849
480850,3000847849
480850,3000847849
480850,3000847849
480850,3000847849
480850,3000847849
480850,3000847849
480850,3000847849
480850,3000847849
480818,3000847736
480778,3000847689
480778,3000847689
480778,3000847689
480778,3000847689
480778,3000847689
480778,3000847689
480778,3000847689
480778,3000847689
480778,3000847689
480778,3000847689
480778,3000847689
480778,3000847689
480778,3000847689
480778,3000847689
480778,3000847689
480778,3000847689
480776,3000847681
475224,3000837332
474949,1000836855
474949,1000836855
474949,1000836855
474949,1000836855
474949,1000836855
474949,1000836855
474949,1000836855
474949,1000836855
474949,1000836855
474742,1000836480
474742,1000836480
474742,1000836480
474742,1000836480
474742,1000836480
474742,1000836480
474742,1000836480
474742,1000836480
474742,1000836480
474710,3000836449
474298,1000835596
474298,1000835596
474298,1000835596
474298,1000835596
474228,1000835453
474228,1000835453
474228,1000835453
474228,1000835453
473836,3000834839
473748,3000834628
473379,1000833895
473196,3000833527
473162,1000833646
473124,3000833515
473090,1000833536
472850,3000833099
472817,1000832935
472695,3000832870
472621,3000832608
472417,3000832135
472183,1000831691
472082,3000831508
472082,3000831508
472082,3000831508
472082,3000831508
472000,3000831414
471707,3000830830
471707,3000830830
471707,3000830830
471707,3000830830
471682,3000830805
465618,1000819919
438097,1000772740
438097,1000772740
438097,1000772740
438097,1000772740
438097,1000772740
438097,1000772740
438097,1000772740
438097,1000772740
438097,1000772740
438097,1000772740
438097,1000772740
438097,1000772740
438097,1000772740
438097,1000772740
438097,1000772740
438097,1000772740
438097,1000772740
438097,1000772740
438097,1000772740
438097,1000772740
438097,1000772740
438097,1000772740
438097,1000772740
438097,1000772740
438097,1000772740
438097,1000772740
438097,1000772740
438097,1000772740
438097,1000772740
438097,1000772740
438097,1000772740
438097,1000772740
438097,1000772740
438097,1000772740
438097,1000772740
438097,1000772740
438030,3000772580
437187,3000771257
437187,3000771257
437187,3000771257
437187,3000771257
429029,1000756803
429018,1000756854
429017,1000756852
429016,1000756850
429014,1000756848
425932,3000751692
425932,3000751692
425932,3000751692
425932,3000751692
425932,3000751692
425932,3000751692
425932,3000751692
425932,3000751692
425932,3000751692
425932,3000751692
425932,3000751692
425932,3000751692
425932,3000751692
425932,3000751692
425932,3000751692
425932,3000751692
425932,3000751692
425932,3000751692
425932,3000751692
425932,3000751692
425932,3000751692
425932,3000751692
425932,3000751692
425932,3000751692
425932,3000751692
417417,1000737348
417417,1000737348
417417,1000737348
417417,1000737348
417417,1000737348
417417,1000737348
417417,1000737348
417417,1000737348
417417,1000737348
417354,1000737113
417354,1000737113
417354,1000737113
417354,1000737113
417354,1000737113
417354,1000737113
417354,1000737113
417354,1000737113
417354,1000737113
417354,1000737113
417354,1000737113
417354,1000737113
417354,1000737113
417354,1000737113
417354,1000737113
417354,1000737113
417354,1000737113
417354,1000737113
417354,1000737113
417354,1000737113
417354,1000737113
417354,1000737113
417354,1000737113
417354,1000737113
417354,1000737113
417354,1000737113
417354,1000737113
417354,1000737113
417354,1000737113
417354,1000737113
417354,1000737113
417354,1000737113
417354,1000737113
417354,1000737113
417354,1000737113
417354,1000737113
417354,1000737113
417354,1000737113
417354,1000737113
417354,1000737113
417354,1000737113
417354,1000737113
417354,1000737113
417354,1000737113
417354,1000737113
417354,1000737113
417354,1000737113
417354,1000737113
417354,1000737113
417251,3000736900
417251,3000736900
417251,3000736900
417251,3000736900
417251,3000736900
417251,3000736900
417251,3000736900
417251,3000736900
417251,3000736900
417212,1000736819
417179,1000736842
417179,1000736842
417179,1000736842
417179,1000736842
417179,1000736842
417179,1000736842
417179,1000736842
417179,1000736842
417179,1000736842
417149,3000736719
417149,3000736719
417149,3000736719
417149,3000736719
417149,3000736719
417149,3000736719
417149,3000736719
417149,3000736719
417149,3000736719
417101,3000736617
417101,3000736617
417101,3000736617
417101,3000736617
417101,3000736617
417101,3000736617
417101,3000736617
417101,3000736617
417101,3000736617
417101,3000736617
417101,3000736617
417101,3000736617
417101,3000736617
417101,3000736617
417101,3000736617
417101,3000736617
417101,3000736617
417101,3000736617
417101,3000736617
417101,3000736617
417101,3000736617
417101,3000736617
417101,3000736617
417101,3000736617
417101,3000736617
417101,3000736617
417101,3000736617
417101,3000736617
417101,3000736617
417101,3000736617
417101,3000736617
417101,3000736617
417101,3000736617
417101,3000736617
417101,3000736617
417101,3000736617
417101,3000736617
417101,3000736617
417101,3000736617
417101,3000736617
417101,3000736617
417101,3000736617
417101,3000736617
417101,3000736617
417101,3000736617
417101,3000736617
417101,3000736617
417101,3000736617
417101,3000736617
416990,3000736414
416990,3000736414
416990,3000736414
416990,3000736414
416990,3000736414
416990,3000736414
416990,3000736414
416990,3000736414
416990,3000736414
416929,1000736309
416906,3000736283
416906,3000736283
416906,3000736283
416906,3000736283
416906,3000736283
416906,3000736283
416906,3000736283
416906,3000736283
416906,3000736283
416491,1000735523
416443,1000735472
416443,1000735472
416443,1000735472
416443,1000735472
415904,1000734532
415904,1000734532
415904,1000734532
415904,1000734532
415904,1000734532
415904,1000734532
415904,1000734532
415904,1000734532
415904,1000734532
415904,1000734532
415904,1000734532
415904,1000734532
415904,1000734532
415904,1000734532
415904,1000734532
415904,1000734532
415684,3000734252
415684,3000734252
415684,3000734252
415684,3000734252
415473,1000733874
415473,1000733874
415473,1000733874
415473,1000733874
415473,1000733874
415473,1000733874
415473,1000733874
415473,1000733874
415473,1000733874
415473,1000733874
415473,1000733874
415473,1000733874
415473,1000733874
415473,1000733874
415473,1000733874
415473,1000733874
415473,1000733874
415473,1000733874
415473,1000733874
415473,1000733874
415473,1000733874
415473,1000733874
415473,1000733874
415473,1000733874
415473,1000733874
415393,1000733704
415393,1000733704
415393,1000733704
415393,1000733704
415358,3000733615
415358,3000733615
415358,3000733615
415358,3000733615
415358,3000733615
415358,3000733615
415358,3000733615
415358,3000733615
415358,3000733615
415358,3000733615
415358,3000733615
415358,3000733615
415358,3000733615
415358,3000733615
415358,3000733615
415358,3000733615
415358,3000733615
415358,3000733615
415358,3000733615
415358,3000733615
415358,3000733615
415358,3000733615
415358,3000733615
415358,3000733615
415358,3000733615
415358,3000733615
415358,3000733615
415358,3000733615
415358,3000733615
415358,3000733615
415358,3000733615
415358,3000733615
415358,3000733615
415358,3000733615
415358,3000733615
415358,3000733615
415358,3000733615
415358,3000733615
415358,3000733615
415358,3000733615
415358,3000733615
415358,3000733615
415358,3000733615
415358,3000733615
415358,3000733615
415358,3000733615
415358,3000733615
415358,3000733615
415358,3000733615
415358,3000733615
415358,3000733615
415358,3000733615
415358,3000733615
415358,3000733615
415358,3000733615
415358,3000733615
415358,3000733615
415358,3000733615
415358,3000733615
415358,3000733615
415358,3000733615
415358,3000733615
415358,3000733615
415335,3000733659
415335,3000733659
415335,3000733659
415335,3000733659
415335,3000733659
415335,3000733659
415335,3000733659
415335,3000733659
415335,3000733659
415335,3000733659
415335,3000733659
415335,3000733659
415335,3000733659
415335,3000733659
415335,3000733659
415335,3000733659
414646,3000732415
414646,3000732415
414646,3000732415
414646,3000732415
414646,3000732415
414646,3000732415
414646,3000732415
414646,3000732415
414646,3000732415
414646,3000732415
414646,3000732415
414646,3000732415
414646,3000732415
414646,3000732415
414646,3000732415
414646,3000732415
414644,1000732412
414382,2000731916
414162,3000731606
414162,3000731606
414162,3000731606
414162,3000731606
414162,3000731606
414162,3000731606
414162,3000731606
414162,3000731606
414162,3000731606
414162,3000731606
414162,3000731606
414162,3000731606
414162,3000731606
414162,3000731606
414162,3000731606
414162,3000731606
414162,3000731606
414162,3000731606
414162,3000731606
414162,3000731606
414162,3000731606
414162,3000731606
414162,3000731606
414162,3000731606
414162,3000731606
413946,1000731277
413946,1000731277
413946,1000731277
413946,1000731277
413946,1000731277
413946,1000731277
413946,1000731277
413946,1000731277
413946,1000731277
413946,1000731277
413946,1000731277
413946,1000731277
413946,1000731277
413946,1000731277
413946,1000731277
413946,1000731277
413946,1000731277
413946,1000731277
413946,1000731277
413946,1000731277
413946,1000731277
413946,1000731277
413946,1000731277
413946,1000731277
413946,1000731277
413946,1000731277
413946,1000731277
413946,1000731277
413946,1000731277
413946,1000731277
413946,1000731277
413946,1000731277
413946,1000731277
413946,1000731277
413946,1000731277
413946,1000731277
413946,1000731277
413946,1000731277
413946,1000731277
413946,1000731277
413946,1000731277
413946,1000731277
413946,1000731277
413946,1000731277
413946,1000731277
413946,1000731277
413946,1000731277
413946,1000731277
413946,1000731277
413946,1000731277
413946,1000731277
413946,1000731277
413946,1000731277
413946,1000731277
413946,1000731277
413946,1000731277
413946,1000731277
413946,1000731277
413946,1000731277
413946,1000731277
413946,1000731277
413946,1000731277
413946,1000731277
413946,1000731277
413946,1000731277
413946,1000731277
413946,1000731277
413946,1000731277
413946,1000731277
413946,1000731277
413946,1000731277
413946,1000731277
413946,1000731277
413946,1000731277
413946,1000731277
413946,1000731277
413946,1000731277
413946,1000731277
413946,1000731277
413946,1000731277
413946,1000731277
413946,1000731277
413946,1000731277
413946,1000731277
413946,1000731277
413946,1000731277
413946,1000731277
413946,1000731277
413946,1000731277
413946,1000731277
413946,1000731277
413946,1000731277
413946,1000731277
413946,1000731277
413946,1000731277
413946,1000731277
413946,1000731277
413946,1000731277
413946,1000731277
413946,1000731277
413946,1000731277
413946,1000731277
413946,1000731277
413946,1000731277
413946,1000731277
413946,1000731277
413946,1000731277
413946,1000731277
413946,1000731277
413946,1000731277
413946,1000731277
413946,1000731277
413946,1000731277
413946,1000731277
413946,1000731277
413946,1000731277
413946,1000731277
413946,1000731277
413946,1000731277
413946,1000731277
413946,1000731277
413898,3000731183
413190,3000729975
413190,3000729975
413190,3000729975
413190,3000729975
413190,3000729975
413190,3000729975
413190,3000729975
413190,3000729975
413190,3000729975
413190,3000729975
413190,3000729975
413190,3000729975
413190,3000729975
413190,3000729975
413190,3000729975
413190,3000729975
413190,3000729975
413190,3000729975
413190,3000729975
413190,3000729975
413190,3000729975
413190,3000729975
413190,3000729975
413190,3000729975
413190,3000729975
413190,3000729975
413190,3000729975
413190,3000729975
413190,3000729975
413190,3000729975
413190,3000729975
413190,3000729975
413190,3000729975
413190,3000729975
413190,3000729975
413190,3000729975
413190,3000729975
413190,3000729975
413190,3000729975
413190,3000729975
413190,3000729975
413190,3000729975
413190,3000729975
413190,3000729975
413190,3000729975
413190,3000729975
413190,3000729975
413190,3000729975
413190,3000729975
413190,3000729975
413190,3000729975
413190,3000729975
413190,3000729975
413190,3000729975
413190,3000729975
413190,3000729975
413190,3000729975
413190,3000729975
413190,3000729975
413190,3000729975
413190,3000729975
413190,3000729975
413190,3000729975
413190,3000729975
413190,3000729975
413190,3000729975
413190,3000729975
413190,3000729975
413190,3000729975
413190,3000729975
413190,3000729975
413190,3000729975
413190,3000729975
413190,3000729975
413190,3000729975
413190,3000729975
413190,3000729975
413190,3000729975
413190,3000729975
413190,3000729975
413190,3000729975
412204,1000720279
412204,1000720279
412204,1000720279
412204,1000720279
412204,1000720279
412204,1000720279
412204,1000720279
412204,1000720279
412204,1000720279
412204,1000720279
412204,1000720279
412204,1000720279
412204,1000720279
412204,1000720279
412204,1000720279
412204,1000720279
412018,1000727981
412018,1000727981
412018,1000727981
412018,1000727981
412018,1000727981
412018,1000727981
412018,1000727981
412018,1000727981
412018,1000727981
412018,1000727981
412018,1000727981
412018,1000727981
412018,1000727981
412018,1000727981
412018,1000727981
412018,1000727981
411998,3000727881
411998,3000727881
411998,3000727881
411998,3000727881
411958,1000727857
411958,1000727857
411958,1000727857
411958,1000727857
411948,3000727850
411793,3000727508
411278,1000726655
411278,1000726655
411278,1000726655
411278,1000726655
411104,1000726347
411104,1000726347
411104,1000726347
411104,1000726347
411104,1000726347
411104,1000726347
411104,1000726347
411104,1000726347
411104,1000726347
411056,1000726369
411056,1000726369
411056,1000726369
411056,1000726369
411056,1000726369
411056,1000726369
411056,1000726369
411056,1000726369
411056,1000726369
411056,1000726369
411056,1000726369
411056,1000726369
411056,1000726369
411056,1000726369
411056,1000726369
411056,1000726369
411056,1000726369
411056,1000726369
411056,1000726369
411056,1000726369
411056,1000726369
411056,1000726369
411056,1000726369
411056,1000726369
411056,1000726369
411056,1000726369
411056,1000726369
411056,1000726369
411056,1000726369
411056,1000726369
411056,1000726369
411056,1000726369
411056,1000726369
411056,1000726369
411056,1000726369
411056,1000726369
410662,1000725593
410662,1000725593
410662,1000725593
410662,1000725593
410556,3000725382
410556,3000725382
410556,3000725382
410556,3000725382
410556,3000725382
410556,3000725382
410556,3000725382
410556,3000725382
410556,3000725382
410419,1000725205
410419,1000725205
410419,1000725205
410419,1000725205
410419,1000725205
410419,1000725205
410419,1000725205
410419,1000725205
410419,1000725205
410377,1000725058
410377,1000725058
410377,1000725058
410377,1000725058
410377,1000725058
410377,1000725058
410377,1000725058
410377,1000725058
410377,1000725058
410377,1000725058
410377,1000725058
410377,1000725058
410377,1000725058
410377,1000725058
410377,1000725058
410377,1000725058
410316,1000725012
410316,1000725012
410316,1000725012
410316,1000725012
410316,1000725012
410316,1000725012
410316,1000725012
410316,1000725012
410316,1000725012
410187,1000724720
410174,3000724703
410157,1000724685
410139,1000724652
410139,1000724652
410139,1000724652
410139,1000724652
410139,1000724652
410139,1000724652
410139,1000724652
410139,1000724652
410139,1000724652
410139,1000724652
410139,1000724652
410139,1000724652
410139,1000724652
410139,1000724652
410139,1000724652
410139,1000724652
410076,1000724594
410076,1000724594
410076,1000724594
410076,1000724594
410076,1000724594
410076,1000724594
410076,1000724594
410076,1000724594
410076,1000724594
409935,3000724348
409935,3000724348
409935,3000724348
409935,3000724348
409686,1000723884
409686,1000723884
409686,1000723884
409686,1000723884
409566,1000723606
409566,1000723606
409566,1000723606
409566,1000723606
409566,1000723606
409566,1000723606
409566,1000723606
409566,1000723606
409566,1000723606
409566,1000723606
409566,1000723606
409566,1000723606
409566,1000723606
409566,1000723606
409566,1000723606
409566,1000723606
409441,1000723466
409287,3000723161
409249,3000723015
409249,3000723015
409249,3000723015
409249,3000723015
409249,3000723015
409249,3000723015
409249,3000723015
409249,3000723015
409249,3000723015
409249,3000723015
409249,3000723015
409249,3000723015
409249,3000723015
409249,3000723015
409249,3000723015
409249,3000723015
409249,3000723015
409249,3000723015
409249,3000723015
409249,3000723015
409249,3000723015
409249,3000723015
409249,3000723015
409249,3000723015
409249,3000723015
409154,3000722870
409154,3000722870
409154,3000722870
409154,3000722870
409154,3000722870
409154,3000722870
409154,3000722870
409154,3000722870
409154,3000722870
409154,3000722870
409154,3000722870
409154,3000722870
409154,3000722870
409154,3000722870
409154,3000722870
409154,3000722870
409154,3000722870
409154,3000722870
409154,3000722870
409154,3000722870
409154,3000722870
409154,3000722870
409154,3000722870
409154,3000722870
409154,3000722870
409025,3000722758
409009,1000722670
408986,3000722624
408986,3000722624
408986,3000722624
408986,3000722624
408986,3000722624
408986,3000722624
408986,3000722624
408986,3000722624
408986,3000722624
408986,3000722624
408986,3000722624
408986,3000722624
408986,3000722624
408986,3000722624
408986,3000722624
408986,3000722624
408928,1000722518
408928,1000722518
408928,1000722518
408928,1000722518
407781,3000720487
407354,3000719699
407191,3000719365
407191,3000719365
407191,3000719365
407191,3000719365
406957,1000718963
406911,1000718822
406784,1000718684
406205,1000717610
405601,1000716479
405599,3000716478
404820,3000715105
403466,1000712361
403105,1000711617
402905,1000711358
402808,1000711244
402494,1000710597
402122,1000709994
401886,1000689510
401886,1000689510
401886,1000689510
401886,1000689510
401886,1000689510
401886,1000689510
401886,1000689510
401886,1000689510
401886,1000689510
401886,1000689510
401886,1000689510
401886,1000689510
401886,1000689510
401886,1000689510
401886,1000689510
401886,1000689510
401886,1000689510
401886,1000689510
401886,1000689510
401886,1000689510
401886,1000689510
401886,1000689510
401886,1000689510
401886,1000689510
401886,1000689510
401886,1000689510
401886,1000689510
401886,1000689510
401886,1000689510
401886,1000689510
401886,1000689510
401886,1000689510
401886,1000689510
401886,1000689510
401886,1000689510
401886,1000689510
401760,3000709546
401725,3000709418
401725,3000709418
401725,3000709418
401725,3000709418
401725,3000709418
401725,3000709418
401725,3000709418
401725,3000709418
401725,3000709418
401725,3000709418
401725,3000709418
401725,3000709418
401725,3000709418
401725,3000709418
401725,3000709418
401725,3000709418
400755,3000707735
400755,3000707735
400755,3000707735
400755,3000707735
400690,3000707680
400381,3000707020
400168,1000706500
400130,1000706465
399772,3000705812
399772,3000705812
399772,3000705812
399772,3000705812
397905,1000702451
397905,1000702451
397905,1000702451
397905,1000702451
397905,1000702451
397905,1000702451
397905,1000702451
397905,1000702451
397905,1000702451
397265,1000701360
396978,3000700615
396502,3000699976
395958,1000698914
395876,1000698876
395463,1000698046
395372,3000697837
394976,3000697050
394976,3000697050
394976,3000697050
394976,3000697050
394976,3000697050
394976,3000697050
394976,3000697050
394976,3000697050
394976,3000697050
394976,3000697050
394976,3000697050
394976,3000697050
394976,3000697050
394976,3000697050
394976,3000697050
394976,3000697050
394976,3000697050
394976,3000697050
394976,3000697050
394976,3000697050
394976,3000697050
394976,3000697050
394976,3000697050
394976,3000697050
394976,3000697050
394924,3000696902
393721,1000694727
393698,1000694788
393698,1000694788
393698,1000694788
393698,1000694788
393698,1000694788
393698,1000694788
393698,1000694788
393698,1000694788
393698,1000694788
393653,1000694738
393652,3000694673
393635,1000694610
393631,3000694653
393593,3000694428
393593,3000694428
393593,3000694428
393593,3000694428
393593,3000694428
393593,3000694428
393593,3000694428
393593,3000694428
393593,3000694428
393593,3000694428
393593,3000694428
393593,3000694428
393593,3000694428
393593,3000694428
393593,3000694428
393593,3000694428
393593,3000694428
393593,3000694428
393593,3000694428
393593,3000694428
393593,3000694428
393593,3000694428
393593,3000694428
393593,3000694428
393593,3000694428
393489,1000694279
577226,3001017636
574968,1001013788
574947,1001013850
574946,3001013847
574926,2001013631
574926,2001013631
574923,1001013627
574920,1001013624
574903,3001013713
574903,3001013713
574903,3001013713
574903,3001013713
574903,3001013713
574903,3001013713
574903,3001013713
574903,3001013713
574903,3001013713
573983,3001012169
557423,2020040801
679445,1001165514
644668,3001116213
642420,2001113380
642382,1001113242
640113,3001110157
640113,3001110157
640113,3001110157
640113,3001110157
640113,3001110157
640113,3001110157
640113,3001110157
640113,3001110157
640113,3001110157
779279,1001306185
