Order Id, Status, CreatedOn, SKU Refs, Required Quantity, Price
392880,Fulfilment con Cancelacion,2020-07-31T22:40:56.365Z,40607006,1,279.6
392559,Fulfilment con Cancelacion,2020-07-31T21:50:44.374Z,39394500,1,190
391386,Fulfilment en Proceso,2020-07-31T18:32:03.437Z,40650685,1,864
391297,Orden con Cancelacion,2020-07-31T18:16:56.834Z,40503364,1,191.6
391189,Solicitud de Devolución Iniciada,2020-07-31T18:02:05.834Z,40580700,1,375
391189,Solicitud de Devolución Iniciada,2020-07-31T18:02:05.834Z,40182130,1,671.44
391004,Asignado,2020-07-31T17:33:21.779Z,40554568,1,759.6
391000,Review,2020-07-31T17:32:33.582Z,37698606,1,159.2
390996,Asignado,2020-07-31T17:31:43.953Z,40526189,1,1079.6
390982,Asignado,2020-07-31T17:26:58.055Z,40346912,1,128.7
390975,Asignado,2020-07-31T17:25:16.891Z,37556347,1,339
390975,Asignado,2020-07-31T17:25:16.891Z,41149040,1,0
390975,Asignado,2020-07-31T17:25:16.891Z,40368674,1,975
390972,Asignado,2020-07-31T17:24:09.920Z,40452125,1,359.7
390958,Orden con Cancelacion,2020-07-31T17:21:52.385Z,40428046,1,569.7
390958,Orden con Cancelacion,2020-07-31T17:21:52.385Z,40428045,1,569.7
390956,Asignado,2020-07-31T17:21:20.980Z,40193790,1,503.44
390956,Asignado,2020-07-31T17:21:20.980Z,40604732,1,699.3
390954,Cancelado,2020-07-31T17:21:16.131Z,37654996,1,2400
390952,Asignado,2020-07-31T17:20:45.117Z,38422414,1,587.44
390951,Asignado,2020-07-31T17:20:20.367Z,40898389,1,254.7
390951,Asignado,2020-07-31T17:20:20.367Z,41049888,1,359.7
390951,Asignado,2020-07-31T17:20:20.367Z,41049880,1,224.7
390951,Asignado,2020-07-31T17:20:20.367Z,41095276,1,359.7
390950,Asignado,2020-07-31T17:19:47.104Z,40656797,1,476
390950,Asignado,2020-07-31T17:19:47.104Z,40580760,2,135
390943,Asignado,2020-07-31T17:19:05.547Z,40582410,1,3920
390927,Asignado,2020-07-31T17:16:03.745Z,40467142,1,1434
390922,Review,2020-07-31T17:13:35.619Z,40611815,1,1196
390914,Asignado,2020-07-31T17:11:56.363Z,40560770,1,95.6
390914,Asignado,2020-07-31T17:11:56.363Z,40560765,1,95.6
390911,Asignado,2020-07-31T17:11:07.017Z,40607231,1,436
390911,Asignado,2020-07-31T17:11:07.017Z,40566871,1,387
390908,Asignado,2020-07-31T17:10:51.273Z,40881429,1,399
390908,Asignado,2020-07-31T17:10:51.273Z,40640304,1,119.6
390905,Asignado,2020-07-31T17:10:27.724Z,41133744,1,1032.96
390894,Asignado,2020-07-31T17:07:20.328Z,36617238,1,1479.2
390889,Asignado,2020-07-31T17:06:02.675Z,40537049,1,1990
390889,Asignado,2020-07-31T17:06:02.675Z,40535782,1,439.6
390889,Asignado,2020-07-31T17:06:02.675Z,40101054,1,575.52
390889,Asignado,2020-07-31T17:06:02.675Z,40657675,1,1090
390879,Asignado,2020-07-31T17:03:18.292Z,40442820,1,1250
390867,Asignado,2020-07-31T16:59:07.909Z,40796045,1,239.6
390867,Asignado,2020-07-31T16:59:07.909Z,40310611,1,719.7
390854,Asignado,2020-07-31T16:55:44.928Z,39856387,1,539.4
390853,Cancelado,2020-07-31T16:55:00.998Z,40332012,1,335.52
390853,Cancelado,2020-07-31T16:55:00.998Z,39586258,1,159
390848,Asignado,2020-07-31T16:53:50.761Z,41149326,1,74.7
390836,Solicitud de Devolución Iniciada,2020-07-31T16:50:03.706Z,39007772,5,34.5
390836,Solicitud de Devolución Iniciada,2020-07-31T16:50:03.706Z,38854043,2,34.5
390836,Solicitud de Devolución Iniciada,2020-07-31T16:50:03.706Z,39007814,5,34.5
390836,Solicitud de Devolución Iniciada,2020-07-31T16:50:03.706Z,39971265,29,19.6
390836,Solicitud de Devolución Iniciada,2020-07-31T16:50:03.706Z,38854055,7,38
390836,Solicitud de Devolución Iniciada,2020-07-31T16:50:03.706Z,39007784,5,34.5
390833,Asignado,2020-07-31T16:49:33.823Z,40827342,1,489.6
390826,Asignado,2020-07-31T16:48:51.429Z,40749147,1,4890
390824,Asignado,2020-07-31T16:48:37.730Z,40294886,1,223.5
389385,Fulfilment en Proceso,2020-07-31T06:13:57.323Z,40904207,1,1749.3
388041,Solicitud de Devolución Iniciada,2020-07-31T00:04:42.880Z,38296355,1,995
387432,Fulfilment en Proceso,2020-07-30T22:00:16.447Z,39703200,1,1499
386079,Cancelado,2020-07-30T16:22:43.405Z,40526466,1,7999
385557,Cancelado,2020-07-30T12:33:08.041Z,40904483,1,391.44
385288,Fulfilment en Proceso,2020-07-30T05:20:44.247Z,40533041,1,796
385288,Fulfilment en Proceso,2020-07-30T05:20:44.247Z,40025196,1,410
385280,Fulfilment en Proceso,2020-07-30T05:17:38.636Z,40530220,1,119.6
384959,Fulfilment con Cancelacion,2020-07-30T03:51:11.060Z,40253483,1,499
384959,Fulfilment con Cancelacion,2020-07-30T03:51:11.060Z,40253445,1,499
384526,Fulfilment en Proceso,2020-07-30T02:22:50.831Z,40563167,1,299.7
384526,Fulfilment en Proceso,2020-07-30T02:22:50.831Z,40228259,1,859.2
384526,Fulfilment en Proceso,2020-07-30T02:22:50.831Z,40667099,1,389.4
384526,Fulfilment en Proceso,2020-07-30T02:22:50.831Z,40819983,7,69.3
384526,Fulfilment en Proceso,2020-07-30T02:22:50.831Z,40827399,1,441.6
384526,Fulfilment en Proceso,2020-07-30T02:22:50.831Z,40430446,1,199.6
384526,Fulfilment en Proceso,2020-07-30T02:22:50.831Z,40363103,1,359.6
384526,Fulfilment en Proceso,2020-07-30T02:22:50.831Z,40533026,1,996
384132,Fulfilment con Cancelacion,2020-07-30T00:51:51.629Z,40568988,1,1119.44
384132,Fulfilment con Cancelacion,2020-07-30T00:51:51.629Z,40769304,1,2236
384130,Fulfilment con Cancelacion,2020-07-30T00:51:07.196Z,40505658,1,615.44
384130,Fulfilment con Cancelacion,2020-07-30T00:51:07.196Z,40506413,1,671.44
384090,Fulfilment en Proceso,2020-07-30T00:41:57.286Z,40354123,1,431.52
384090,Fulfilment en Proceso,2020-07-30T00:41:57.286Z,40575258,1,362.7
384090,Fulfilment en Proceso,2020-07-30T00:41:57.286Z,40621980,1,116
384090,Fulfilment en Proceso,2020-07-30T00:41:57.286Z,15277713,1,255.2
384090,Fulfilment en Proceso,2020-07-30T00:41:57.286Z,40155042,1,321.3
384090,Fulfilment en Proceso,2020-07-30T00:41:57.286Z,40590790,1,291.2
384090,Fulfilment en Proceso,2020-07-30T00:41:57.286Z,40622032,1,156
384090,Fulfilment en Proceso,2020-07-30T00:41:57.286Z,40622133,1,116
384090,Fulfilment en Proceso,2020-07-30T00:41:57.286Z,40617930,1,316
383681,Fulfilment con Cancelacion,2020-07-29T23:05:51.373Z,40561428,1,316
383642,Fulfilment en Proceso,2020-07-29T22:56:08.018Z,36619410,1,239.4
383201,Solicitud de Devolución Iniciada,2020-07-29T21:09:54.112Z,40574385,1,236
383201,Solicitud de Devolución Iniciada,2020-07-29T21:09:54.112Z,40574383,1,236
383146,Fulfilment en Proceso,2020-07-29T20:55:10.066Z,40515714,1,279.6
383033,Fulfilment con Cancelacion,2020-07-29T20:27:33.336Z,40878537,1,116
383033,Fulfilment con Cancelacion,2020-07-29T20:27:33.336Z,40702910,1,236
383033,Fulfilment con Cancelacion,2020-07-29T20:27:33.336Z,40874834,1,263.2
383033,Fulfilment con Cancelacion,2020-07-29T20:27:33.336Z,40561298,1,119.7
383033,Fulfilment con Cancelacion,2020-07-29T20:27:33.336Z,40547799,1,196
383033,Fulfilment con Cancelacion,2020-07-29T20:27:33.336Z,39390831,1,654
383033,Fulfilment con Cancelacion,2020-07-29T20:27:33.336Z,40622086,1,116
382818,Fulfilment en Proceso,2020-07-29T19:29:46.439Z,40674367,1,595
382818,Fulfilment en Proceso,2020-07-29T19:29:46.439Z,40612453,1,1075
382818,Fulfilment en Proceso,2020-07-29T19:29:46.439Z,40610855,1,956
382483,Fulfilment con Cancelacion,2020-07-29T18:12:02.019Z,40792533,1,996
382209,Orden con Cancelacion,2020-07-29T17:14:01.554Z,40872595,1,119.4
382209,Orden con Cancelacion,2020-07-29T17:14:01.554Z,40606074,1,227.6
382209,Orden con Cancelacion,2020-07-29T17:14:01.554Z,40951817,1,269.4
382209,Orden con Cancelacion,2020-07-29T17:14:01.554Z,40872586,1,119.4
382209,Orden con Cancelacion,2020-07-29T17:14:01.554Z,40516698,1,299.4
382209,Orden con Cancelacion,2020-07-29T17:14:01.554Z,40630333,1,215.7
382209,Orden con Cancelacion,2020-07-29T17:14:01.554Z,40516684,1,287.4
382129,Cancelado,2020-07-29T16:54:17.819Z,40676159,1,1147.2
381935,Solicitud de Devolución Iniciada,2020-07-29T16:12:05.176Z,40511120,1,399
381935,Solicitud de Devolución Iniciada,2020-07-29T16:12:05.176Z,40508156,1,395.52
381875,Fulfilment en Proceso,2020-07-29T15:57:38.743Z,40574108,1,597
381875,Fulfilment en Proceso,2020-07-29T15:57:38.743Z,40521481,1,1076
381875,Fulfilment en Proceso,2020-07-29T15:57:38.743Z,40656682,1,417
381875,Fulfilment en Proceso,2020-07-29T15:57:38.743Z,40624335,1,594
381875,Fulfilment en Proceso,2020-07-29T15:57:38.743Z,40855009,1,476
381875,Fulfilment en Proceso,2020-07-29T15:57:38.743Z,40624317,1,534
381875,Fulfilment en Proceso,2020-07-29T15:57:38.743Z,40953659,1,1520
381664,Fulfilment con Cancelacion,2020-07-29T15:02:11.978Z,40494643,1,239.52
381664,Fulfilment con Cancelacion,2020-07-29T15:02:11.978Z,40494671,1,287.52
381409,Cancelado,2020-07-29T08:03:56.189Z,40519991,1,159.6
381409,Cancelado,2020-07-29T08:03:56.189Z,40592321,1,492.24
381222,Fulfilment en Proceso,2020-07-29T05:23:55.727Z,40767717,1,2163
381109,Fulfilment en Proceso,2020-07-29T04:53:00.422Z,40657428,1,264
381109,Fulfilment en Proceso,2020-07-29T04:53:00.422Z,40228181,1,859.2
381109,Fulfilment en Proceso,2020-07-29T04:53:00.422Z,40517094,1,516
380989,Fulfilment con Cancelacion,2020-07-29T04:30:44.547Z,40658397,1,359.6
380989,Fulfilment con Cancelacion,2020-07-29T04:30:44.547Z,40558753,1,184.24
380989,Fulfilment con Cancelacion,2020-07-29T04:30:44.547Z,40423842,1,159.6
380989,Fulfilment con Cancelacion,2020-07-29T04:30:44.547Z,40658396,1,359.6
380696,Fulfilment en Proceso,2020-07-29T03:38:00.077Z,39390831,1,654
380333,Asignado,2020-07-29T02:35:12.151Z,39909119,1,1301.3
380284,Asignado,2020-07-29T02:29:01.707Z,40526467,1,7999
380242,Asignado,2020-07-29T02:20:32.031Z,40646512,1,1323
379676,Fulfilment con Cancelacion,2020-07-29T00:51:55.734Z,40441507,1,196
379631,Asignado,2020-07-29T00:43:12.917Z,39985870,1,1861.3
379517,Orden con Cancelacion,2020-07-29T00:22:49.242Z,40700599,1,276
379421,Fulfilment en Proceso,2020-07-29T00:06:53.164Z,40588389,1,475.2
379421,Fulfilment en Proceso,2020-07-29T00:06:53.164Z,40656360,1,479.52
379417,Fulfilment en Proceso,2020-07-29T00:06:25.895Z,40530258,1,119.6
379389,Asignado,2020-07-29T00:01:04.138Z,39427673,2,150
379376,Asignado,2020-07-28T23:58:39.978Z,39648707,1,26.7
379374,Asignado,2020-07-28T23:57:42.427Z,39518859,1,120
379277,Asignado,2020-07-28T23:43:04.947Z,40047211,1,493.5
379215,Asignado,2020-07-28T23:32:22.317Z,40047211,1,493.5
379132,Fulfilment con Cancelacion,2020-07-28T23:19:24.741Z,40561051,1,1745
379132,Fulfilment con Cancelacion,2020-07-28T23:19:24.741Z,40561053,1,1745
379132,Fulfilment con Cancelacion,2020-07-28T23:19:24.741Z,40020768,1,1745
378986,Asignado,2020-07-28T22:54:42.514Z,39175231,1,279.3
378788,Cancelado,2020-07-28T22:20:32.766Z,40522230,1,759.6
378565,Asignado,2020-07-28T21:37:30.255Z,39985870,1,1861.3
378536,Entregado Parcial,2020-07-28T21:31:08.467Z,40435403,1,234.72
378468,Cancelado,2020-07-28T21:17:20.421Z,40585939,1,1329.3
378288,Asignado,2020-07-28T20:37:48.290Z,39447933,1,3839.2
378248,Asignado,2020-07-28T20:31:07.566Z,40619198,1,345
378175,Orden con Cancelacion,2020-07-28T20:16:06.949Z,40634043,1,236
378175,Orden con Cancelacion,2020-07-28T20:16:06.949Z,40441516,1,316
378175,Orden con Cancelacion,2020-07-28T20:16:06.949Z,40657250,1,196
378175,Orden con Cancelacion,2020-07-28T20:16:06.949Z,40529823,1,356
378128,Asignado,2020-07-28T20:06:40.132Z,38981436,1,776.3
377929,Fulfilment en Proceso,2020-07-28T19:31:22.985Z,40767891,1,1614
377929,Fulfilment en Proceso,2020-07-28T19:31:22.985Z,40650280,1,1296
377928,Asignado,2020-07-28T19:31:08.194Z,37777702,1,187
377835,Fulfilment con Cancelacion,2020-07-28T19:11:54.922Z,40458649,1,236
377640,Solicitud de Devolución Iniciada,2020-07-28T18:32:09.809Z,40767791,1,1134
377640,Solicitud de Devolución Iniciada,2020-07-28T18:32:09.809Z,40893458,1,484.5
377640,Solicitud de Devolución Iniciada,2020-07-28T18:32:09.809Z,40929323,1,134.5
377499,Entregado Parcial,2020-07-28T18:02:43.911Z,40935048,1,479.6
377397,Fulfilment en Proceso,2020-07-28T17:44:31.032Z,40763708,1,1614
377184,Asignado,2020-07-28T17:01:12.790Z,40227011,1,316
376932,Asignado,2020-07-28T16:10:40.392Z,40564832,1,503.44
376844,Asignado,2020-07-28T15:51:40.684Z,31448538,1,99.5
376786,Fulfilment con Cancelacion,2020-07-28T15:39:05.862Z,40530377,1,417
376557,Asignado,2020-07-28T14:42:11.382Z,40564735,1,671.44
376519,Asignado,2020-07-28T14:30:06.995Z,40360340,1,2649.5
376369,Entregado HD,2020-07-28T13:30:38.716Z,40247270,1,815.52
376276,Fulfilment con Cancelacion,2020-07-28T11:57:27.444Z,19254193,1,139.2
376276,Fulfilment con Cancelacion,2020-07-28T11:57:27.444Z,40552808,1,359.6
376276,Fulfilment con Cancelacion,2020-07-28T11:57:27.444Z,39396580,1,135
376276,Fulfilment con Cancelacion,2020-07-28T11:57:27.444Z,40584298,1,279.6
376276,Fulfilment con Cancelacion,2020-07-28T11:57:27.444Z,40457491,1,119.7
376276,Fulfilment con Cancelacion,2020-07-28T11:57:27.444Z,40836344,1,194.7
376255,Asignado,2020-07-28T10:21:12.193Z,40186251,1,1259.3
376103,Asignado,2020-07-28T06:06:14.012Z,31470626,1,229
375947,Asignado,2020-07-28T05:02:14.510Z,39427673,1,150
375751,Asignado,2020-07-28T04:14:04.056Z,40498353,1,1279.6
375665,Orden con Cancelacion,2020-07-28T03:51:35.176Z,37816302,1,1199.2
375634,Asignado,2020-07-28T03:45:16.507Z,39909116,1,111.3
375293,Cancelado,2020-07-28T02:31:19.522Z,40273545,1,840
375211,Fulfilment con Cancelacion,2020-07-28T02:10:56.518Z,40454665,1,899.4
375135,Asignado,2020-07-28T01:54:42.157Z,40227011,2,316
375066,Fulfilment en Proceso,2020-07-28T01:40:30.640Z,40442073,1,239.6
375066,Fulfilment en Proceso,2020-07-28T01:40:30.640Z,40792533,1,996
375066,Fulfilment en Proceso,2020-07-28T01:40:30.640Z,40354125,1,431.52
375066,Fulfilment en Proceso,2020-07-28T01:40:30.640Z,30586140,2,160
375066,Fulfilment en Proceso,2020-07-28T01:40:30.640Z,40459727,1,1463.2
375066,Fulfilment en Proceso,2020-07-28T01:40:30.640Z,40884766,1,250.75
374781,Solicitud de Devolución Iniciada,2020-07-28T00:43:09.482Z,40674581,1,516
374702,Asignado,2020-07-28T00:23:33.428Z,40792075,1,449.7
374426,Asignado,2020-07-27T23:22:38.173Z,39430426,1,559.44
374057,Orden con Cancelacion,2020-07-27T22:01:07.311Z,39394498,1,210
373691,Cancelado,2020-07-27T20:34:20.580Z,40273545,1,840
373691,Cancelado,2020-07-27T20:34:20.580Z,40047211,1,493.5
373633,Asignado,2020-07-27T20:21:03.137Z,39392036,1,16
373391,Fulfilment con Cancelacion,2020-07-27T19:26:31.225Z,40380412,1,191.52
373306,Fulfilment con Cancelacion,2020-07-27T19:07:53.439Z,40565074,1,319.6
373306,Fulfilment con Cancelacion,2020-07-27T19:07:53.439Z,40565073,1,319.6
373306,Fulfilment con Cancelacion,2020-07-27T19:07:53.439Z,40461809,3,67.6
373306,Fulfilment con Cancelacion,2020-07-27T19:07:53.439Z,40529787,1,236
373306,Fulfilment con Cancelacion,2020-07-27T19:07:53.439Z,40598929,1,479.52
373042,Cancelado,2020-07-27T18:18:10.271Z,40247270,1,815.52
372570,Asignado,2020-07-27T16:42:27.302Z,40726475,1,2875
372530,Asignado,2020-07-27T16:31:43.571Z,40344747,1,232
372380,Fulfilment en Proceso,2020-07-27T16:00:15.352Z,40368194,1,516
372338,Asignado,2020-07-27T15:48:37.006Z,40234963,1,19799.1
371884,Asignado,2020-07-27T06:15:47.986Z,37994157,1,895
371839,Solicitud de Devolución Iniciada,2020-07-27T05:59:02.008Z,40472511,1,399.6
371812,Orden con Cancelacion,2020-07-27T05:46:19.814Z,40486049,1,439.6
371733,Fulfilment en Proceso,2020-07-27T05:18:11.250Z,40568137,1,439.6
371638,Asignado,2020-07-27T04:50:48.788Z,40427458,1,727.44
371517,Orden con Cancelacion,2020-07-27T04:16:13.482Z,40596155,1,159.6
371419,Fulfilment con Cancelacion,2020-07-27T03:50:26.020Z,40513706,1,251.64
371320,Fulfilment en Proceso,2020-07-27T03:30:04.404Z,40402004,1,491.6
371320,Fulfilment en Proceso,2020-07-27T03:30:04.404Z,40402037,1,401.7
371320,Fulfilment en Proceso,2020-07-27T03:30:04.404Z,40401974,1,1799.2
371320,Fulfilment en Proceso,2020-07-27T03:30:04.404Z,40402097,1,491.6
371280,Fulfilment con Cancelacion,2020-07-27T03:20:09.471Z,40402100,1,491.6
371222,Asignado,2020-07-27T03:07:03.842Z,39518859,1,120
371106,Solicitud de Devolución Iniciada,2020-07-27T02:44:29.349Z,40657388,1,387
371093,Fulfilment con Cancelacion,2020-07-27T02:41:49.331Z,40565118,1,399.6
371093,Fulfilment con Cancelacion,2020-07-27T02:41:49.331Z,40749267,1,1156
371093,Fulfilment con Cancelacion,2020-07-27T02:41:49.331Z,40752801,1,356
371033,Orden con Cancelacion,2020-07-27T02:30:02.675Z,40478654,1,195.44
370909,Asignado,2020-07-27T02:04:05.435Z,40264062,1,592
370865,Fulfilment con Cancelacion,2020-07-27T01:55:52.320Z,40354188,1,206.64
370865,Fulfilment con Cancelacion,2020-07-27T01:55:52.320Z,40515392,1,396
370865,Fulfilment con Cancelacion,2020-07-27T01:55:52.320Z,40504583,1,778.4
370865,Fulfilment con Cancelacion,2020-07-27T01:55:52.320Z,40694610,1,236
370865,Fulfilment con Cancelacion,2020-07-27T01:55:52.320Z,40580622,1,117
370797,Asignado,2020-07-27T01:42:04.175Z,40024273,1,42.5
370703,Asignado,2020-07-27T01:22:57.634Z,40563890,1,995
370684,Asignado,2020-07-27T01:18:56.300Z,37621696,1,2039.15
370673,Asignado,2020-07-27T01:17:00.252Z,39427673,1,150
370355,Asignado,2020-07-27T00:22:17.738Z,40859330,1,722.4
370260,Orden con Cancelacion,2020-07-27T00:05:34.010Z,40385950,1,251.6
370260,Orden con Cancelacion,2020-07-27T00:05:34.010Z,40568113,1,359.6
370260,Orden con Cancelacion,2020-07-27T00:05:34.010Z,40658666,1,199.6
370260,Orden con Cancelacion,2020-07-27T00:05:34.010Z,40472660,1,179.6
370260,Orden con Cancelacion,2020-07-27T00:05:34.010Z,40591352,1,159.6
370260,Orden con Cancelacion,2020-07-27T00:05:34.010Z,40642965,1,319.6
370260,Orden con Cancelacion,2020-07-27T00:05:34.010Z,40502278,1,184.24
370212,Asignado,2020-07-26T23:55:32.563Z,17915631,1,116.7
370097,Asignado,2020-07-26T23:35:51.829Z,40519694,1,636
370095,Asignado,2020-07-26T23:35:23.623Z,40726475,1,2875
369982,Asignado,2020-07-26T23:12:05.896Z,37556301,4,54.4
369806,Fulfilment con Cancelacion,2020-07-26T22:39:43.152Z,40834421,1,331.2
369713,Asignado,2020-07-26T22:22:39.307Z,39392036,1,16
369567,Fulfilment con Cancelacion,2020-07-26T21:55:16.072Z,40580801,1,117
369054,Orden con Cancelacion,2020-07-26T20:00:50.467Z,40616955,1,395.6
369054,Orden con Cancelacion,2020-07-26T20:00:50.467Z,40592356,1,239.6
369009,Fulfilment en Proceso,2020-07-26T19:49:50.623Z,40486157,1,399.6
369009,Fulfilment en Proceso,2020-07-26T19:49:50.623Z,40503364,1,191.6
368961,Asignado,2020-07-26T19:41:32.438Z,40227011,1,316
368706,Fulfilment con Cancelacion,2020-07-26T18:54:08.403Z,40622038,1,116
368706,Fulfilment con Cancelacion,2020-07-26T18:54:08.403Z,40810115,1,419.3
368706,Fulfilment con Cancelacion,2020-07-26T18:54:08.403Z,40622099,1,88
368616,Fulfilment con Cancelacion,2020-07-26T18:36:38.815Z,40664178,1,239.6
368616,Fulfilment con Cancelacion,2020-07-26T18:36:38.815Z,40442371,1,399.6
368616,Fulfilment con Cancelacion,2020-07-26T18:36:38.815Z,40516778,1,209.7
368616,Fulfilment con Cancelacion,2020-07-26T18:36:38.815Z,40535045,1,267
368616,Fulfilment con Cancelacion,2020-07-26T18:36:38.815Z,40516780,1,209.7
368616,Fulfilment con Cancelacion,2020-07-26T18:36:38.815Z,40752802,1,356
368616,Fulfilment con Cancelacion,2020-07-26T18:36:38.815Z,40664183,1,239.6
368601,Solicitud de Devolución Iniciada,2020-07-26T18:34:06.511Z,40606557,1,474
368601,Solicitud de Devolución Iniciada,2020-07-26T18:34:06.511Z,40591308,1,159.6
368601,Solicitud de Devolución Iniciada,2020-07-26T18:34:06.511Z,40385687,1,447.44
368601,Solicitud de Devolución Iniciada,2020-07-26T18:34:06.511Z,40831277,1,1270
368465,Cancelado,2020-07-26T18:06:46.264Z,40247270,1,815.52
368399,Solicitud de Devolución Iniciada,2020-07-26T17:56:41.975Z,40533162,1,215.52
368399,Solicitud de Devolución Iniciada,2020-07-26T17:56:41.975Z,40613557,1,38.7
368399,Solicitud de Devolución Iniciada,2020-07-26T17:56:41.975Z,40385795,1,159.6
368399,Solicitud de Devolución Iniciada,2020-07-26T17:56:41.975Z,40591308,1,159.6
368399,Solicitud de Devolución Iniciada,2020-07-26T17:56:41.975Z,40450752,1,299.7
368399,Solicitud de Devolución Iniciada,2020-07-26T17:56:41.975Z,40472648,1,147.6
368000,Fulfilment con Cancelacion,2020-07-26T16:35:23.850Z,40613553,1,38.7
367949,Orden con Cancelacion,2020-07-26T16:18:21.211Z,39174359,1,80.5
367949,Orden con Cancelacion,2020-07-26T16:18:21.211Z,39411581,1,87
367949,Orden con Cancelacion,2020-07-26T16:18:21.211Z,39423927,1,63
367935,Asignado,2020-07-26T16:16:05.349Z,40535723,1,751.2
367893,Solicitud de Devolución Iniciada,2020-07-26T16:05:18.880Z,40869885,1,1596
367739,Asignado,2020-07-26T15:20:19.627Z,39447933,1,3455.28
367694,Asignado,2020-07-26T15:09:14.123Z,37828045,2,85
367481,Asignado,2020-07-26T13:44:50.798Z,40566893,1,599.7
367327,Solicitud de Devolución Iniciada,2020-07-26T07:30:30.327Z,40470393,1,181.92
367327,Solicitud de Devolución Iniciada,2020-07-26T07:30:30.327Z,40221660,1,184.24
367327,Solicitud de Devolución Iniciada,2020-07-26T07:30:30.327Z,40580099,1,384.3
367327,Solicitud de Devolución Iniciada,2020-07-26T07:30:30.327Z,40792089,2,449.7
367327,Solicitud de Devolución Iniciada,2020-07-26T07:30:30.327Z,40792079,1,449.7
367327,Solicitud de Devolución Iniciada,2020-07-26T07:30:30.327Z,40499886,1,80.7
367327,Solicitud de Devolución Iniciada,2020-07-26T07:30:30.327Z,40792084,1,449.7
367310,Orden con Cancelacion,2020-07-26T07:14:34.630Z,40567332,1,919.6
367287,Asignado,2020-07-26T06:58:26.418Z,40619260,1,1150
367254,Asignado,2020-07-26T06:37:01.911Z,40223962,1,290.5
367056,Solicitud de Devolución Iniciada,2020-07-26T05:06:10.684Z,40655685,1,360
366970,Solicitud de Devolución Iniciada,2020-07-26T04:42:23.220Z,40449896,1,556
366970,Solicitud de Devolución Iniciada,2020-07-26T04:42:23.220Z,39900740,1,1295.52
366944,Asignado,2020-07-26T04:34:50.197Z,40300215,1,489.3
366813,Orden con Cancelacion,2020-07-26T04:07:27.851Z,40442098,1,199.6
366813,Orden con Cancelacion,2020-07-26T04:07:27.851Z,40316327,1,279.6
366813,Orden con Cancelacion,2020-07-26T04:07:27.851Z,40473232,1,225.12
366609,Asignado,2020-07-26T03:16:04.108Z,40450282,1,399
366608,Asignado,2020-07-26T03:16:03.827Z,38462645,2,203.4
366473,Orden con Cancelacion,2020-07-26T02:46:03.189Z,40575866,1,1036
366387,Orden con Cancelacion,2020-07-26T02:29:41.916Z,40782841,1,201.6
366266,Asignado,2020-07-26T02:05:50.727Z,40600173,1,1499
366139,Asignado,2020-07-26T01:38:29.192Z,40726475,1,2875
365953,Fulfilment en Proceso,2020-07-26T00:58:28.710Z,40558760,1,307.44
365953,Fulfilment en Proceso,2020-07-26T00:58:28.710Z,40431907,1,247.6
365953,Fulfilment en Proceso,2020-07-26T00:58:28.710Z,40574279,1,236
365497,Fulfilment con Cancelacion,2020-07-25T23:36:01.247Z,40935048,1,479.6
365497,Fulfilment con Cancelacion,2020-07-25T23:36:01.247Z,40533933,1,763.2
365497,Fulfilment con Cancelacion,2020-07-25T23:36:01.247Z,40560793,1,276
365494,Solicitud de Devolución Iniciada,2020-07-25T23:35:37.773Z,40903221,1,239.6
364861,Asignado,2020-07-25T21:31:06.215Z,40619198,1,345
364812,Entregado HD,2020-07-25T21:20:53.048Z,40659641,1,156
364812,Entregado HD,2020-07-25T21:20:53.048Z,40591691,1,303
364812,Entregado HD,2020-07-25T21:20:53.048Z,40442109,1,224.7
364812,Entregado HD,2020-07-25T21:20:53.048Z,40513705,1,279.6
364812,Entregado HD,2020-07-25T21:20:53.048Z,40633956,1,319.6
364812,Entregado HD,2020-07-25T21:20:53.048Z,40659562,1,156
364812,Entregado HD,2020-07-25T21:20:53.048Z,40459438,1,299.7
364812,Entregado HD,2020-07-25T21:20:53.048Z,40633955,1,319.6
364680,Fulfilment con Cancelacion,2020-07-25T20:50:09.418Z,40503397,1,251.44
364680,Fulfilment con Cancelacion,2020-07-25T20:50:09.418Z,40472660,1,179.6
364680,Fulfilment con Cancelacion,2020-07-25T20:50:09.418Z,40499927,1,159.6
364659,Solicitud de Devolución Iniciada,2020-07-25T20:46:48.849Z,40639400,1,279.6
364646,Fulfilment en Proceso,2020-07-25T20:45:24.388Z,40457491,1,119.7
364643,Orden con Cancelacion,2020-07-25T20:44:50.223Z,40368091,1,476
364601,Fulfilment con Cancelacion,2020-07-25T20:34:20.276Z,40530238,1,179.6
364568,Fulfilment en Proceso,2020-07-25T20:28:19.505Z,40542961,1,719.52
364511,Solicitud de Devolución Iniciada,2020-07-25T20:16:04.523Z,40516779,1,209.7
364511,Solicitud de Devolución Iniciada,2020-07-25T20:16:04.523Z,40589355,1,199.6
364511,Solicitud de Devolución Iniciada,2020-07-25T20:16:04.523Z,40796041,1,239.6
364511,Solicitud de Devolución Iniciada,2020-07-25T20:16:04.523Z,40796044,1,239.6
364502,Fulfilment en Proceso,2020-07-25T20:14:08.469Z,40561291,1,39.6
364145,Asignado,2020-07-25T19:01:02.998Z,40290084,1,199.2
364007,Fulfilment en Proceso,2020-07-25T18:36:09.742Z,40655891,1,811.2
364007,Fulfilment en Proceso,2020-07-25T18:36:09.742Z,40284943,1,1745
364007,Fulfilment en Proceso,2020-07-25T18:36:09.742Z,40561052,1,1745
363827,Fulfilment con Cancelacion,2020-07-25T18:02:23.280Z,40563636,1,436
363827,Fulfilment con Cancelacion,2020-07-25T18:02:23.280Z,40591777,1,75.6
363359,Fulfilment en Proceso,2020-07-25T16:35:14.285Z,40904454,1,279.3
363359,Fulfilment en Proceso,2020-07-25T16:35:14.285Z,40912359,1,1231.44
363330,Solicitud de Devolución Iniciada,2020-07-25T16:31:04.063Z,40464421,1,657
363145,Orden con Cancelacion,2020-07-25T15:52:31.715Z,40757292,1,395.6
363145,Orden con Cancelacion,2020-07-25T15:52:31.715Z,40392433,1,356.7
363145,Orden con Cancelacion,2020-07-25T15:52:31.715Z,40591358,1,179.7
363044,Orden con Cancelacion,2020-07-25T15:30:04.977Z,40516785,1,209.7
363044,Orden con Cancelacion,2020-07-25T15:30:04.977Z,40573029,1,119.6
363044,Orden con Cancelacion,2020-07-25T15:30:04.977Z,40441516,1,316
363044,Orden con Cancelacion,2020-07-25T15:30:04.977Z,40639470,1,199.6
362941,Asignado,2020-07-25T15:01:47.107Z,39518930,1,671.52
362308,Orden con Cancelacion,2020-07-25T06:16:03.386Z,40622194,1,87
362308,Orden con Cancelacion,2020-07-25T06:16:03.386Z,40580623,1,117
362308,Orden con Cancelacion,2020-07-25T06:16:03.386Z,40575259,1,362.7
362181,Asignado,2020-07-25T05:30:02.681Z,40728195,1,1440
362165,Solicitud de Devolución Iniciada,2020-07-25T05:26:35.997Z,40464331,1,537
362050,Asignado,2020-07-25T04:56:32.180Z,40145786,1,999
361875,Orden con Cancelacion,2020-07-25T04:15:02.280Z,39430277,1,102
361802,Asignado,2020-07-25T04:01:06.476Z,40600171,1,899
361787,Orden con Cancelacion,2020-07-25T03:58:48.878Z,40639376,1,239.6
361787,Orden con Cancelacion,2020-07-25T03:58:48.878Z,40703030,1,196
361787,Orden con Cancelacion,2020-07-25T03:58:48.878Z,40580626,1,117
361680,Cancelado,2020-07-25T03:41:01.851Z,40526467,1,7999
361204,Solicitud de Devolución Iniciada,2020-07-25T02:09:04.402Z,40509323,1,239.52
361202,Asignado,2020-07-25T02:08:54.204Z,40241631,1,330
361119,Fulfilment en Proceso,2020-07-25T01:55:26.337Z,40526467,1,7999
360811,Orden con Cancelacion,2020-07-25T01:01:09.562Z,40639376,1,239.6
360803,Orden con Cancelacion,2020-07-25T01:01:03.363Z,40622098,1,88
360803,Orden con Cancelacion,2020-07-25T01:01:03.363Z,40692533,1,88
360507,Fulfilment con Cancelacion,2020-07-25T00:13:03.151Z,40903221,1,239.6
360507,Fulfilment con Cancelacion,2020-07-25T00:13:03.151Z,40385910,1,200.7
360504,Asignado,2020-07-25T00:12:54.511Z,40300215,1,489.3
360437,Fulfilment con Cancelacion,2020-07-24T23:59:41.096Z,40594485,1,287.6
360437,Fulfilment con Cancelacion,2020-07-24T23:59:41.096Z,40594322,1,345.12
360075,Fulfilment con Cancelacion,2020-07-24T22:59:12.056Z,36619410,1,239.4
360072,Orden con Cancelacion,2020-07-24T22:58:06.799Z,40607045,1,239.6
360063,Cancelado,2020-07-24T22:56:29.770Z,40227011,1,316
359788,Asignado,2020-07-24T22:12:56.959Z,39518930,1,839.4
359741,Fulfilment con Cancelacion,2020-07-24T22:05:14.867Z,40677681,1,196
359344,Fulfilment con Cancelacion,2020-07-24T20:59:36.142Z,40561294,1,39.6
359344,Fulfilment con Cancelacion,2020-07-24T20:59:36.142Z,40622028,1,88
359344,Fulfilment con Cancelacion,2020-07-24T20:59:36.142Z,40622323,1,88
359344,Fulfilment con Cancelacion,2020-07-24T20:59:36.142Z,40472126,1,39.6
359344,Fulfilment con Cancelacion,2020-07-24T20:59:36.142Z,40622098,1,88
359344,Fulfilment con Cancelacion,2020-07-24T20:59:36.142Z,40561286,1,39.6
359344,Fulfilment con Cancelacion,2020-07-24T20:59:36.142Z,40692897,1,88
359344,Fulfilment con Cancelacion,2020-07-24T20:59:36.142Z,40472147,1,39.6
359344,Fulfilment con Cancelacion,2020-07-24T20:59:36.142Z,40472151,1,39.6
359344,Fulfilment con Cancelacion,2020-07-24T20:59:36.142Z,40622335,1,88
359344,Fulfilment con Cancelacion,2020-07-24T20:59:36.142Z,40377172,1,83.6
359344,Fulfilment con Cancelacion,2020-07-24T20:59:36.142Z,40633990,1,96
359211,Fulfilment con Cancelacion,2020-07-24T20:36:56.243Z,40265840,1,32.4
359098,Orden con Cancelacion,2020-07-24T20:16:09.606Z,40663699,1,476
359098,Orden con Cancelacion,2020-07-24T20:16:09.606Z,40435431,2,146.7
359098,Orden con Cancelacion,2020-07-24T20:16:09.606Z,40515751,1,319.6
358961,Fulfilment con Cancelacion,2020-07-24T19:49:15.423Z,40442098,1,199.6
358886,Fulfilment con Cancelacion,2020-07-24T19:36:13.658Z,40317765,1,1719.6
358479,Fulfilment con Cancelacion,2020-07-24T18:34:52.192Z,40404861,1,356
358479,Fulfilment con Cancelacion,2020-07-24T18:34:52.192Z,40616675,1,279.3
358400,Orden con Cancelacion,2020-07-24T18:25:00.243Z,40758150,1,537
358220,Orden con Cancelacion,2020-07-24T17:50:39.616Z,40793528,1,1854
358020,Orden con Cancelacion,2020-07-24T17:16:15.983Z,40574378,1,236
358020,Orden con Cancelacion,2020-07-24T17:16:15.983Z,40880954,1,236
357999,Fulfilment en Proceso,2020-07-24T17:15:04.694Z,40317765,1,1719.6
357895,Solicitud de Devolución Iniciada,2020-07-24T16:56:57.822Z,40659368,1,316
357579,Orden con Cancelacion,2020-07-24T16:09:29.652Z,40462288,1,477
357579,Orden con Cancelacion,2020-07-24T16:09:29.652Z,40661157,1,796
357579,Orden con Cancelacion,2020-07-24T16:09:29.652Z,40650788,1,960
357139,Fulfilment con Cancelacion,2020-07-24T14:41:48.748Z,40615214,1,1554
357139,Fulfilment con Cancelacion,2020-07-24T14:41:48.748Z,40882827,1,799.6
357139,Fulfilment con Cancelacion,2020-07-24T14:41:48.748Z,40780860,1,879.6
357139,Fulfilment con Cancelacion,2020-07-24T14:41:48.748Z,40429352,1,476
356662,Solicitud de Devolución Iniciada,2020-07-24T08:02:29.679Z,40225110,1,479.6
356486,Fulfilment en Proceso,2020-07-24T06:14:44.545Z,40767969,1,1014
356486,Fulfilment en Proceso,2020-07-24T06:14:44.545Z,40767858,1,1014
356486,Fulfilment en Proceso,2020-07-24T06:14:44.545Z,40767857,1,1014
356223,Fulfilment en Proceso,2020-07-24T04:45:52.317Z,40728649,1,480
356223,Fulfilment en Proceso,2020-07-24T04:45:52.317Z,40729756,1,1149
355877,Fulfilment con Cancelacion,2020-07-24T03:09:19.440Z,40472117,1,49.5
355877,Fulfilment con Cancelacion,2020-07-24T03:09:19.440Z,40698654,1,276
355877,Fulfilment con Cancelacion,2020-07-24T03:09:19.440Z,40368204,1,595
355877,Fulfilment con Cancelacion,2020-07-24T03:09:19.440Z,40634175,1,516
355409,Fulfilment en Proceso,2020-07-24T01:05:42.401Z,40800344,1,610.4
355409,Fulfilment en Proceso,2020-07-24T01:05:42.401Z,40745176,1,1953
355409,Fulfilment en Proceso,2020-07-24T01:05:42.401Z,40749932,1,1295
354831,Orden con Cancelacion,2020-07-23T22:52:43.049Z,40265839,1,45
354765,Fulfilment en Proceso,2020-07-23T22:39:15.260Z,40473228,1,314.5
354535,Solicitud de Devolución Iniciada,2020-07-23T21:46:09.123Z,40538846,1,445
354220,Orden con Cancelacion,2020-07-23T20:23:52.685Z,40071857,1,57
354041,Orden con Cancelacion,2020-07-23T19:33:11.616Z,40434145,1,299.5
354041,Orden con Cancelacion,2020-07-23T19:33:11.616Z,40800344,1,610.4
354041,Orden con Cancelacion,2020-07-23T19:33:11.616Z,40285588,1,995
354041,Orden con Cancelacion,2020-07-23T19:33:11.616Z,40533995,1,693
353859,Fulfilment con Cancelacion,2020-07-23T18:44:53.246Z,40115854,1,219.5
353859,Fulfilment con Cancelacion,2020-07-23T18:44:53.246Z,40633986,1,96
353859,Fulfilment con Cancelacion,2020-07-23T18:44:53.246Z,40390288,1,245
353859,Fulfilment con Cancelacion,2020-07-23T18:44:53.246Z,40561286,1,39.6
353737,Fulfilment en Proceso,2020-07-23T18:08:51.066Z,40435334,1,279.5
353571,Orden con Cancelacion,2020-07-23T17:31:06.228Z,40435614,1,205.92
353571,Orden con Cancelacion,2020-07-23T17:31:06.228Z,40435611,1,205.92
353571,Orden con Cancelacion,2020-07-23T17:31:06.228Z,40435403,1,273.84
353351,Solicitud de Devolución Iniciada,2020-07-23T16:31:06.052Z,40502924,1,479
353210,Fulfilment en Proceso,2020-07-23T15:54:37.450Z,40772061,1,89.4
353202,Fulfilment en Proceso,2020-07-23T15:53:08.384Z,40071845,1,180
353186,Fulfilment en Proceso,2020-07-23T15:49:39.029Z,40657051,1,224
353186,Fulfilment en Proceso,2020-07-23T15:49:39.029Z,40608586,1,279.3
353186,Fulfilment en Proceso,2020-07-23T15:49:39.029Z,40628480,1,539.4
353134,Fulfilment en Proceso,2020-07-23T15:35:51.974Z,39367696,1,159
353134,Fulfilment en Proceso,2020-07-23T15:35:51.974Z,40771189,1,769.3
353134,Fulfilment en Proceso,2020-07-23T15:35:51.974Z,40429182,1,899.4
352761,Fulfilment en Proceso,2020-07-23T11:05:15.628Z,40621705,1,99.5
352761,Fulfilment en Proceso,2020-07-23T11:05:15.628Z,40494643,1,249.5
352761,Fulfilment en Proceso,2020-07-23T11:05:15.628Z,40035912,1,265.3
352761,Fulfilment en Proceso,2020-07-23T11:05:15.628Z,40842128,1,343
352761,Fulfilment en Proceso,2020-07-23T11:05:15.628Z,40885433,1,199.5
352761,Fulfilment en Proceso,2020-07-23T11:05:15.628Z,40478655,1,195.44
352761,Fulfilment en Proceso,2020-07-23T11:05:15.628Z,40035904,1,265.3
352722,Fulfilment en Proceso,2020-07-23T07:53:39.278Z,40452605,1,229.5
352722,Fulfilment en Proceso,2020-07-23T07:53:39.278Z,40974347,1,199
352722,Fulfilment en Proceso,2020-07-23T07:53:39.278Z,40671732,1,1440
352582,Fulfilment con Cancelacion,2020-07-23T05:42:43.023Z,40529842,1,356
352582,Fulfilment con Cancelacion,2020-07-23T05:42:43.023Z,40529815,1,295
352555,Orden con Cancelacion,2020-07-23T05:30:13.772Z,40503340,1,223.44
352555,Orden con Cancelacion,2020-07-23T05:30:13.772Z,40530160,1,251.44
351784,Orden con Cancelacion,2020-07-23T01:31:04.462Z,40767962,1,1014
351784,Orden con Cancelacion,2020-07-23T01:31:04.462Z,40767857,1,1014
351530,Orden con Cancelacion,2020-07-23T00:25:12.237Z,40779743,1,1455.44
350813,Orden con Cancelacion,2020-07-22T21:31:03.191Z,39697628,1,995
350740,Solicitud de Devolución Iniciada,2020-07-22T21:15:34.897Z,40865795,1,447.44
350740,Solicitud de Devolución Iniciada,2020-07-22T21:15:34.897Z,40865816,1,279.44
350613,Fulfilment con Cancelacion,2020-07-22T20:43:06.789Z,40368875,1,223.44
350613,Fulfilment con Cancelacion,2020-07-22T20:43:06.789Z,40455764,1,299.5
350613,Fulfilment con Cancelacion,2020-07-22T20:43:06.789Z,40368899,1,195.44
350613,Fulfilment con Cancelacion,2020-07-22T20:43:06.789Z,40455777,1,449.5
350613,Fulfilment con Cancelacion,2020-07-22T20:43:06.789Z,40368877,1,223.44
350613,Fulfilment con Cancelacion,2020-07-22T20:43:06.789Z,40502913,1,268.24
350198,Fulfilment con Cancelacion,2020-07-22T18:54:45.461Z,40643405,1,727.44
349891,Fulfilment en Proceso,2020-07-22T17:40:33.036Z,40453900,1,419.3
349891,Fulfilment en Proceso,2020-07-22T17:40:33.036Z,40565832,1,269.4
349611,Fulfilment con Cancelacion,2020-07-22T16:33:37.280Z,38315796,1,599
349611,Fulfilment con Cancelacion,2020-07-22T16:33:37.280Z,40826457,1,699
349587,Fulfilment con Cancelacion,2020-07-22T16:26:05.795Z,40591284,1,159.6
349587,Fulfilment con Cancelacion,2020-07-22T16:26:05.795Z,40591359,1,239.6
349401,Fulfilment en Proceso,2020-07-22T15:30:20.313Z,40750617,1,3190
348967,Orden con Cancelacion,2020-07-22T06:31:06.755Z,40662191,1,1359
348890,Orden con Cancelacion,2020-07-22T05:46:04.048Z,40530269,1,143.52
348890,Orden con Cancelacion,2020-07-22T05:46:04.048Z,40169458,1,398.3
348890,Orden con Cancelacion,2020-07-22T05:46:04.048Z,40390480,1,391.44
348890,Orden con Cancelacion,2020-07-22T05:46:04.048Z,40613281,1,84
348890,Orden con Cancelacion,2020-07-22T05:46:04.048Z,40125375,1,99.6
348890,Orden con Cancelacion,2020-07-22T05:46:04.048Z,40502386,1,195.3
348890,Orden con Cancelacion,2020-07-22T05:46:04.048Z,40592356,1,299.5
348824,Fulfilment con Cancelacion,2020-07-22T05:17:52.817Z,40903218,1,599
348824,Fulfilment con Cancelacion,2020-07-22T05:17:52.817Z,40489207,1,499
348824,Fulfilment con Cancelacion,2020-07-22T05:17:52.817Z,40620124,1,441.84
348824,Fulfilment con Cancelacion,2020-07-22T05:17:52.817Z,40593869,1,249.5
348824,Fulfilment con Cancelacion,2020-07-22T05:17:52.817Z,40761634,1,531.44
348824,Fulfilment con Cancelacion,2020-07-22T05:17:52.817Z,40663905,1,389.4
348824,Fulfilment con Cancelacion,2020-07-22T05:17:52.817Z,40592362,1,299.5
348744,Fulfilment en Proceso,2020-07-22T04:56:57.058Z,40526629,1,427.5
348744,Fulfilment en Proceso,2020-07-22T04:56:57.058Z,40441600,1,356
348691,Cancelado,2020-07-22T04:46:05.707Z,40639446,1,349.5
348691,Cancelado,2020-07-22T04:46:05.707Z,40561272,1,239.6
348120,Cancelado por Validacion,2020-07-22T03:02:38.981Z,40482419,1,17499.3
347877,Cancelado,2020-07-22T02:20:14.406Z,40155503,1,2754
347555,Fulfilment con Cancelacion,2020-07-22T01:23:44.423Z,40530220,1,167.44
347555,Fulfilment con Cancelacion,2020-07-22T01:23:44.423Z,40517906,1,79.6
347555,Fulfilment con Cancelacion,2020-07-22T01:23:44.423Z,40630337,1,174.5
347555,Fulfilment con Cancelacion,2020-07-22T01:23:44.423Z,40461804,2,105.84
347555,Fulfilment con Cancelacion,2020-07-22T01:23:44.423Z,40530268,1,143.52
347555,Fulfilment con Cancelacion,2020-07-22T01:23:44.423Z,40872607,1,139.3
347555,Fulfilment con Cancelacion,2020-07-22T01:23:44.423Z,40476004,1,209.3
347555,Fulfilment con Cancelacion,2020-07-22T01:23:44.423Z,40363607,2,99.5
347555,Fulfilment con Cancelacion,2020-07-22T01:23:44.423Z,40517902,1,79.6
347440,Fulfilment en Proceso,2020-07-22T01:02:11.950Z,40621720,1,99.5
347440,Fulfilment en Proceso,2020-07-22T01:02:11.950Z,40700585,1,236
347081,Fulfilment con Cancelacion,2020-07-21T23:57:21.887Z,40529765,1,495
347081,Fulfilment con Cancelacion,2020-07-21T23:57:21.887Z,40698652,1,276
345917,Fulfilment con Cancelacion,2020-07-21T20:23:46.105Z,37451133,1,115.5
345629,Fulfilment con Cancelacion,2020-07-21T19:29:55.791Z,40787234,1,179
345629,Fulfilment con Cancelacion,2020-07-21T19:29:55.791Z,40432705,1,194.7
345490,Fulfilment en Proceso,2020-07-21T19:03:06.551Z,40779743,1,1455.44
345406,Fulfilment con Cancelacion,2020-07-21T18:47:31.774Z,40904904,1,667.2
344966,Orden con Cancelacion,2020-07-21T17:26:27.215Z,40125375,1,99.6
344885,Fulfilment en Proceso,2020-07-21T17:11:38.334Z,40592685,1,356
344885,Fulfilment en Proceso,2020-07-21T17:11:38.334Z,40569535,1,196
344885,Fulfilment en Proceso,2020-07-21T17:11:38.334Z,40633975,1,199.6
344885,Fulfilment en Proceso,2020-07-21T17:11:38.334Z,40454801,1,479.4
344773,Cancelado,2020-07-21T16:50:43.125Z,40605827,1,671.44
344773,Cancelado,2020-07-21T16:50:43.125Z,40240739,1,395.4
344773,Cancelado,2020-07-21T16:50:43.125Z,40428707,1,1919.2
344115,Orden con Cancelacion,2020-07-21T14:09:31.188Z,40658658,1,179.64
344115,Orden con Cancelacion,2020-07-21T14:09:31.188Z,40503305,1,142.13
344115,Orden con Cancelacion,2020-07-21T14:09:31.188Z,40502278,1,165.82
344080,Orden con Cancelacion,2020-07-21T13:46:05.527Z,40608364,1,399.5
344080,Orden con Cancelacion,2020-07-21T13:46:05.527Z,40385838,1,279.44
344080,Orden con Cancelacion,2020-07-21T13:46:05.527Z,40636469,1,431.52
344080,Orden con Cancelacion,2020-07-21T13:46:05.527Z,40386108,1,279.44
344080,Orden con Cancelacion,2020-07-21T13:46:05.527Z,40616206,1,474.72
343956,Fulfilment con Cancelacion,2020-07-21T10:24:01.693Z,39453226,1,139.5
343956,Fulfilment con Cancelacion,2020-07-21T10:24:01.693Z,37451133,1,115.5
343744,Fulfilment en Proceso,2020-07-21T05:06:14.604Z,37607068,1,2324.25
343719,Solicitud de Devolución Iniciada,2020-07-21T04:58:17.447Z,40441718,1,316
343719,Solicitud de Devolución Iniciada,2020-07-21T04:58:17.447Z,40385821,1,307.44
343630,Fulfilment con Cancelacion,2020-07-21T04:32:15.810Z,40515726,1,649.5
343504,Fulfilment con Cancelacion,2020-07-21T03:57:39.650Z,40586638,1,1469.3
343474,Fulfilment con Cancelacion,2020-07-21T03:50:59.172Z,40380530,1,319.5
343462,Orden con Cancelacion,2020-07-21T03:47:43.195Z,40809473,1,258.3
343462,Orden con Cancelacion,2020-07-21T03:47:43.195Z,40809843,1,258.3
343379,Fulfilment en Proceso,2020-07-21T03:31:47.837Z,40739131,1,239.6
342497,Cancelado,2020-07-21T00:12:41.760Z,40453730,1,629.3
342268,Solicitud de Devolución Iniciada,2020-07-20T23:27:16.268Z,40749895,1,1295
341817,Fulfilment con Cancelacion,2020-07-20T21:53:07.536Z,40561053,1,1745
341641,Solicitud de Devolución Iniciada,2020-07-20T21:15:04.633Z,38298133,1,390
341619,Fulfilment en Proceso,2020-07-20T21:09:57.161Z,39394498,2,210
341619,Fulfilment en Proceso,2020-07-20T21:09:57.161Z,39394507,2,249
341619,Fulfilment en Proceso,2020-07-20T21:09:57.161Z,37577066,6,132
341619,Fulfilment en Proceso,2020-07-20T21:09:57.161Z,39396582,1,351
341619,Fulfilment en Proceso,2020-07-20T21:09:57.161Z,19842099,4,303
341188,Fulfilment con Cancelacion,2020-07-20T19:33:07.570Z,40514979,1,174.3
340529,Fulfilment en Proceso,2020-07-20T17:20:18.755Z,40628032,1,839.4
339791,Fulfilment en Proceso,2020-07-20T09:25:50.568Z,10580987,1,695
339791,Fulfilment en Proceso,2020-07-20T09:25:50.568Z,16522123,1,1259
339791,Fulfilment en Proceso,2020-07-20T09:25:50.568Z,36617263,1,919.2
339741,Fulfilment con Cancelacion,2020-07-20T07:16:20.798Z,40285400,1,1745
339098,Solicitud de Devolución Iniciada,2020-07-20T03:06:25.299Z,40724796,1,1440
339026,Fulfilment con Cancelacion,2020-07-20T02:49:00.572Z,40457473,1,119.7
338895,Solicitud de Devolución Iniciada,2020-07-20T02:18:49.809Z,40517900,1,79.6
338895,Solicitud de Devolución Iniciada,2020-07-20T02:18:49.809Z,40517904,1,79.6
338621,Fulfilment con Cancelacion,2020-07-20T01:25:39.039Z,40401999,1,563.98
338613,Orden con Cancelacion,2020-07-20T01:23:05.507Z,40767965,1,1183
337970,Orden con Cancelacion,2020-07-19T23:01:07.007Z,39427303,1,264
337970,Orden con Cancelacion,2020-07-19T23:01:07.007Z,39380498,1,207
337970,Orden con Cancelacion,2020-07-19T23:01:07.007Z,39394496,1,279
337856,Cancelado,2020-07-19T22:38:20.438Z,40473228,1,314.5
337856,Cancelado,2020-07-19T22:38:20.438Z,40457475,6,44.7
337856,Cancelado,2020-07-19T22:38:20.438Z,40549612,1,596
337856,Cancelado,2020-07-19T22:38:20.438Z,40549669,1,396
337404,Solicitud de Devolución Iniciada,2020-07-19T20:51:42.839Z,40639363,1,249.5
337404,Solicitud de Devolución Iniciada,2020-07-19T20:51:42.839Z,40740341,1,239.6
337404,Solicitud de Devolución Iniciada,2020-07-19T20:51:42.839Z,40573016,1,149.5
337404,Solicitud de Devolución Iniciada,2020-07-19T20:51:42.839Z,40796039,1,239.6
337389,Solicitud de Devolución Iniciada,2020-07-19T20:46:49.536Z,40795711,1,599.4
337389,Solicitud de Devolución Iniciada,2020-07-19T20:46:49.536Z,40454317,1,359.6
337117,Fulfilment en Proceso,2020-07-19T19:36:51.933Z,40113638,1,645
337117,Fulfilment en Proceso,2020-07-19T19:36:51.933Z,40113647,1,645
337117,Fulfilment en Proceso,2020-07-19T19:36:51.933Z,40113890,1,834
337117,Fulfilment en Proceso,2020-07-19T19:36:51.933Z,40618799,1,645
336841,Orden con Cancelacion,2020-07-19T18:31:06.411Z,40800124,1,973
336341,Solicitud de Devolución Iniciada,2020-07-19T16:28:17.431Z,40517873,1,96
336341,Solicitud de Devolución Iniciada,2020-07-19T16:28:17.431Z,40622378,1,295
336341,Solicitud de Devolución Iniciada,2020-07-19T16:28:17.431Z,40347072,1,236
336341,Solicitud de Devolución Iniciada,2020-07-19T16:28:17.431Z,40742967,1,196
336341,Solicitud de Devolución Iniciada,2020-07-19T16:28:17.431Z,40621980,1,145
336051,Cancelado,2020-07-19T14:46:03.586Z,39427673,3,150
327406,Entregado Parcial,2020-07-17T15:38:03.273Z,36311441,1,279
327406,Entregado Parcial,2020-07-17T15:38:03.273Z,36311471,1,399
305249,Orden con Cancelacion,2020-07-12T03:16:05.522Z,40400032,1,499.5
292819,Orden con Cancelacion,2020-07-09T22:19:42.160Z,40259653,1,524.3
288430,Fulfilment con Cancelacion,2020-07-08T22:06:45.567Z,40844530,4,189
288294,Solicitud de Devolución Iniciada,2020-07-08T21:35:03.630Z,40651594,1,660
288033,Orden con Cancelacion,2020-07-08T20:37:40.860Z,40880678,1,489.3
287876,Orden con Cancelacion,2020-07-08T19:59:55.773Z,40621648,1,139.3
287876,Orden con Cancelacion,2020-07-08T19:59:55.773Z,40530162,1,314.3
287876,Orden con Cancelacion,2020-07-08T19:59:55.773Z,40621653,1,139.3
287579,Fulfilment en Proceso,2020-07-08T18:50:26.206Z,40435391,1,279.5
286523,Fulfilment con Cancelacion,2020-07-08T14:55:59.267Z,40591282,1,199.5
286215,Fulfilment en Proceso,2020-07-08T12:51:52.572Z,40667252,1,199.5
286154,Cancelado,2020-07-08T09:58:39.392Z,40109517,1,738.5
286154,Cancelado,2020-07-08T09:58:39.392Z,40425872,1,837
284960,Fulfilment con Cancelacion,2020-07-08T01:44:33.666Z,40645560,1,495
284575,Orden con Cancelacion,2020-07-08T00:31:07.869Z,40591296,1,279.3
283451,Fulfilment en Proceso,2020-07-07T20:30:51.252Z,40620052,1,249.5
281144,Orden con Cancelacion,2020-07-07T03:12:48.411Z,40591747,1,342.3
279135,Orden con Cancelacion,2020-07-06T19:28:27.698Z,40503285,1,489.3
278191,Fulfilment en Proceso,2020-07-06T15:50:09.747Z,40530153,1,149.5
274567,Fulfilment en Proceso,2020-07-05T19:45:34.476Z,40503285,1,489.3
274567,Fulfilment en Proceso,2020-07-05T19:45:34.476Z,40530153,1,149.5
270635,Solicitud de Devolución Iniciada,2020-07-04T22:07:27.930Z,40828956,1,70
261876,Fulfilment en Proceso,2020-07-03T04:03:08.325Z,40782836,1,294
261750,Fulfilment en Proceso,2020-07-03T03:35:34.712Z,40466313,1,191.4
261741,Fulfilment en Proceso,2020-07-03T03:31:33.317Z,40594406,1,321.3
261741,Fulfilment en Proceso,2020-07-03T03:31:33.317Z,40594517,1,321.3
261741,Fulfilment en Proceso,2020-07-03T03:31:33.317Z,40468073,1,249.5
261551,Solicitud de Devolución Iniciada,2020-07-03T02:50:31.841Z,40658670,1,249.5
261268,Fulfilment en Proceso,2020-07-03T01:43:10.878Z,40225203,1,599.5
259821,Fulfilment en Proceso,2020-07-02T20:30:47.888Z,40139276,2,77.5
258370,Orden con Cancelacion,2020-07-02T14:58:40.621Z,40776630,1,525
257490,Fulfilment en Proceso,2020-07-02T03:42:16.468Z,40400022,1,699.5
257361,Fulfilment con Cancelacion,2020-07-02T03:10:35.024Z,40878022,1,384.3
257361,Fulfilment con Cancelacion,2020-07-02T03:10:35.024Z,40418251,1,384.3
257361,Fulfilment con Cancelacion,2020-07-02T03:10:35.024Z,40853825,1,349.3
256956,Fulfilment con Cancelacion,2020-07-02T01:41:02.491Z,40450725,1,559.3
256956,Fulfilment con Cancelacion,2020-07-02T01:41:02.491Z,40321917,1,247.5
256324,Orden con Cancelacion,2020-07-01T23:30:36.705Z,30283686,1,124
256143,Entregado Parcial,2020-07-01T22:54:03.020Z,40435381,1,214.5
256143,Entregado Parcial,2020-07-01T22:54:03.020Z,40298382,1,499
256143,Entregado Parcial,2020-07-01T22:54:03.020Z,40509622,1,239.4
256143,Entregado Parcial,2020-07-01T22:54:03.020Z,40435380,1,214.5
256143,Entregado Parcial,2020-07-01T22:54:03.020Z,40522199,1,279.3
255796,Fulfilment con Cancelacion,2020-07-01T21:37:55.970Z,40700585,1,295
255796,Fulfilment con Cancelacion,2020-07-01T21:37:55.970Z,40657304,1,343
255764,Fulfilment con Cancelacion,2020-07-01T21:29:03.286Z,40522826,1,795
255290,Orden con Cancelacion,2020-07-01T19:47:15.098Z,40450687,1,374.5
253537,Fulfilment en Proceso,2020-07-01T06:16:05.525Z,40347534,1,99
252633,Orden con Cancelacion,2020-07-01T02:52:33.012Z,40435381,1,214.5
252633,Orden con Cancelacion,2020-07-01T02:52:33.012Z,40435631,1,263.4
252577,Orden con Cancelacion,2020-07-01T02:44:55.810Z,37624287,1,455.4
252432,Fulfilment en Proceso,2020-07-01T02:20:36.855Z,40530154,1,149.5
252432,Fulfilment en Proceso,2020-07-01T02:20:36.855Z,40530284,1,149.5
252267,Orden con Cancelacion,2020-07-01T01:54:41.471Z,40661189,1,559.3
252267,Orden con Cancelacion,2020-07-01T01:54:41.471Z,40664163,1,299.5
252264,Solicitud de Devolución Iniciada,2020-07-01T01:54:31.208Z,40773996,1,349.3
252136,Orden con Cancelacion,2020-07-01T01:31:31.773Z,40455766,1,287.52
252014,Orden con Cancelacion,2020-07-01T01:15:21.005Z,40621653,1,139.3
251841,Fulfilment con Cancelacion,2020-07-01T00:47:38.585Z,40809731,1,594.3
251841,Fulfilment con Cancelacion,2020-07-01T00:47:38.585Z,40622097,1,154
251841,Fulfilment con Cancelacion,2020-07-01T00:47:38.585Z,40472115,1,69.3
251841,Fulfilment con Cancelacion,2020-07-01T00:47:38.585Z,40807033,1,1974
251761,Solicitud de Devolución Iniciada,2020-07-01T00:34:26.578Z,40623641,1,345
251761,Solicitud de Devolución Iniciada,2020-07-01T00:34:26.578Z,40502452,1,269.4
251761,Solicitud de Devolución Iniciada,2020-07-01T00:34:26.578Z,40547920,1,399
251761,Solicitud de Devolución Iniciada,2020-07-01T00:34:26.578Z,40472705,1,299.4
251761,Solicitud de Devolución Iniciada,2020-07-01T00:34:26.578Z,40613945,1,249.5
251761,Solicitud de Devolución Iniciada,2020-07-01T00:34:26.578Z,40624574,1,195
251761,Solicitud de Devolución Iniciada,2020-07-01T00:34:26.578Z,40502482,1,287.4
251761,Solicitud de Devolución Iniciada,2020-07-01T00:34:26.578Z,40472671,1,299.4
251539,Solicitud de Devolución Iniciada,2020-07-01T00:00:25.004Z,40321746,1,247.5
251539,Solicitud de Devolución Iniciada,2020-07-01T00:00:25.004Z,40170770,1,619
251539,Solicitud de Devolución Iniciada,2020-07-01T00:00:25.004Z,40225210,1,659.4
