Order Ref, Order ID
1001752078,1067838
1001788000,1091950
1001788498,1092292
1001788630,1092401
1001788745,1092438
1001789304,1092844
1001789304,1092844
1001789366,1092823
1001790460,1093594
1001790645,1093776
1001791045,1093992
1001791904,1094527
1001792399,1094906
1001792430,1094956
1001793343,1095591
1001794537,1096463
1001794561,1096486
2001789100,1092702
3001769989,1079612
3001769989,1079612
3001769989,1079612
3001787232,1091443
3001788241,1092106
3001790834,1093895
3001790845,1093807
3001795063,1096872
