Order Id, Fulfilment ID, Fulfilment Status, Created On, SKU Ref, SKU ID, Requested Quantity, Filled Quantity, Rejected Quantity
857387,1372051,CECOM RMA Cerrado,2020-12-01T23:59:58.546Z,39080364,1875278,1,0,1
857387,1372051,CECOM RMA Cerrado,2020-12-01T23:59:58.546Z,37726387,1875277,1,0,1
857386,1372050,Entregado al Cliente,2020-12-01T23:59:48.319Z,40456365,1875276,1,1,0
857386,1372049,Entregado al Cliente,2020-12-01T23:59:46.178Z,41223867,1875275,1,1,0
857385,1372048,Entregado al Cliente,2020-12-01T23:59:21.516Z,41187418,1875274,1,1,0
857384,1372047,Entregado al Cliente,2020-12-01T23:58:35.032Z,41132420,1875273,1,1,0
857383,1372046,Entregado al Cliente,2020-12-01T23:58:15.126Z,41265780,1875272,1,1,0
857382,1372045,Entregado al Cliente,2020-12-01T23:58:06.035Z,41276680,1875271,1,1,0
854742,1372044,CECOM RMA Cerrado,2020-12-01T23:57:09.955Z,38913776,1875270,1,0,1
857381,1372043,Entregado al Cliente,2020-12-01T23:57:06.821Z,38527008,1875269,1,1,0
852317,1372042,Entregado al Cliente,2020-12-01T23:56:25.984Z,40514459,1875268,1,1,0
857380,1372041,Entregado al Cliente,2020-12-01T23:55:43.032Z,36340795,1875267,1,1,0
857380,1372040,Rechazado en Tienda,2020-12-01T23:55:38.595Z,36340795,1875266,1,0,1
857379,1372039,Entregado al Cliente,2020-12-01T23:55:19.088Z,37447212,1875265,1,1,0
857379,1372039,Entregado al Cliente,2020-12-01T23:55:19.088Z,39328256,1875264,1,1,0
857379,1372039,Entregado al Cliente,2020-12-01T23:55:19.088Z,40074832,1875263,1,1,0
857379,1372039,Entregado al Cliente,2020-12-01T23:55:19.088Z,38586352,1875262,1,1,0
857379,1372039,Entregado al Cliente,2020-12-01T23:55:19.088Z,36340795,1875261,1,1,0
857379,1372038,Entregado al Cliente,2020-12-01T23:55:16.080Z,41342551,1875260,1,1,0
857378,1372037,Entregado al Cliente,2020-12-01T23:55:12.003Z,31164353,1875259,1,2,0
857378,1372037,Entregado al Cliente,2020-12-01T23:55:12.003Z,40498234,1875258,1,1,0
857378,1372037,Entregado al Cliente,2020-12-01T23:55:12.003Z,40514973,1875257,1,1,0
857377,1372036,Entregado al Cliente,2020-12-01T23:54:51.575Z,17126558,1875256,1,1,0
857376,1372035,Entregado al Cliente,2020-12-01T23:53:37.535Z,41276680,1875255,1,1,0
850056,1372034,CECOM RMA Cerrado,2020-12-01T23:52:44.221Z,40884744,1875254,2,0,2
856319,1372033,Entregado al Cliente,2020-12-01T23:52:19.286Z,37514124,1875253,1,1,0
857374,1372032,Entregado al Cliente,2020-12-01T23:52:06.240Z,36567443,1875252,2,2,0
857375,1372031,Entregado al Cliente,2020-12-01T23:52:05.793Z,40649757,1875251,1,1,0
857373,1372030,Entregado al Cliente,2020-12-01T23:51:10.897Z,41403892,1875250,1,1,0
856323,1372029,RMA Reintegro de Inventario,2020-12-01T23:50:33.881Z,39328265,1875249,1,0,1
717705,1372028,CECOM RMA Cerrado,2020-12-01T23:49:21.241Z,40511869,1875248,1,0,1
857372,1372027,Entregado al Cliente,2020-12-01T23:49:16.723Z,39279580,1875247,1,1,0
857372,1372027,Entregado al Cliente,2020-12-01T23:49:16.723Z,40551151,1875246,1,1,0
857372,1372026,Entregado al Cliente,2020-12-01T23:49:14.046Z,41219908,1875245,1,1,0
857371,1372025,Entregado al Cliente,2020-12-01T23:48:32.387Z,40595537,1875244,1,1,0
857370,1372024,Entregado al Cliente,2020-12-01T23:47:58.773Z,40903961,1875243,1,1,0
857368,1372023,Entregado al Cliente,2020-12-01T23:47:24.980Z,37818611,1875242,1,1,0
857369,1372022,Entregado al Cliente,2020-12-01T23:47:23.938Z,16134131,1875241,1,1,0
857368,1372021,FULFILLED,2020-12-01T23:47:23.688Z,37818610,1875240,1,1,0
857368,1372021,FULFILLED,2020-12-01T23:47:23.688Z,37818612,1875239,1,1,0
857369,1372020,Entregado al Cliente,2020-12-01T23:47:21.649Z,37730088,1875238,1,1,0
857369,1372020,Entregado al Cliente,2020-12-01T23:47:21.649Z,39605189,1875237,1,1,0
857369,1372020,Entregado al Cliente,2020-12-01T23:47:21.649Z,39162997,1875236,1,2,0
857368,1372019,Entregado al Cliente,2020-12-01T23:47:18.757Z,37766972,1875235,1,0,1
857368,1372019,Entregado al Cliente,2020-12-01T23:47:18.757Z,40159949,1875234,1,1,0
850926,1372018,CECOM RMA Cerrado,2020-12-01T23:47:15.480Z,40831579,1875233,3,0,3
857367,1372017,Entregado al Cliente,2020-12-01T23:46:57.267Z,39625655,1875232,1,1,0
841731,1372016,Entregado al Cliente,2020-12-01T23:46:41.901Z,41011313,1875231,1,1,0
857364,1372015,Rechazado en Tienda,2020-12-01T23:46:12.427Z,39856414,1875230,1,0,1
796712,1372014,CECOM RMA Cerrado,2020-12-01T23:46:09.446Z,39227938,1875229,1,0,1
857364,1372013,ON_HOLD,2020-12-01T23:46:08.653Z,40121289,1875228,1,0,0
857366,1372012,Entregado al Cliente,2020-12-01T23:46:08.356Z,40121289,1875227,1,1,0
857365,1372011,Entregado al Cliente,2020-12-01T23:46:08.169Z,17746759,1875225,1,1,0
857365,1372011,Entregado al Cliente,2020-12-01T23:46:08.169Z,41209411,1875224,1,1,0
857362,1372010,Rechazado en Tienda,2020-12-01T23:46:08.097Z,40121297,1875226,1,0,1
857363,1372009,Entregado al Cliente,2020-12-01T23:46:07.535Z,37449397,1875223,1,1,0
857361,1372008,Entregado al Cliente,2020-12-01T23:46:07.419Z,40626057,1875222,1,1,0
857360,1372007,Entregado al Cliente,2020-12-01T23:46:06.625Z,36464727,1875221,2,2,0
857360,1372007,Entregado al Cliente,2020-12-01T23:46:06.625Z,36464729,1875220,1,1,0
855601,1372006,CECOM RMA Cerrado,2020-12-01T23:45:55.202Z,41049852,1875219,1,0,1
835365,1372005,Entregado al Cliente,2020-12-01T23:45:28.447Z,40931826,1875218,1,1,0
835365,1372005,Entregado al Cliente,2020-12-01T23:45:28.447Z,40933033,1875217,1,0,1
857359,1372004,Entregado al Cliente,2020-12-01T23:45:09.534Z,41276680,1875216,1,1,0
857358,1372003,Entregado al Cliente,2020-12-01T23:44:50.249Z,38929845,1875215,1,1,0
795637,1372002,CECOM RMA Cerrado,2020-12-01T23:44:30.036Z,40289384,1875214,1,0,1
795637,1372002,CECOM RMA Cerrado,2020-12-01T23:44:30.036Z,41202498,1875213,1,0,1
857357,1372001,Entregado al Cliente,2020-12-01T23:44:27.205Z,40807707,1875212,1,1,0
857357,1372001,Entregado al Cliente,2020-12-01T23:44:27.205Z,41262710,1875211,1,1,0
857356,1372000,Entregado al Cliente,2020-12-01T23:44:24.887Z,30586141,1875210,1,1,0
857356,1372000,Entregado al Cliente,2020-12-01T23:44:24.887Z,30586145,1875209,1,1,0
857356,1372000,Entregado al Cliente,2020-12-01T23:44:24.887Z,30586140,1875208,1,1,0
857355,1371999,Entregado al Cliente,2020-12-01T23:44:15.378Z,40283310,1875207,1,1,0
857354,1371998,Entregado al Cliente,2020-12-01T23:43:47.457Z,39930826,1875206,1,1,0
845604,1371997,CECOM RMA Cerrado,2020-12-01T23:43:37.863Z,39603515,1875205,1,0,1
857353,1371996,Entregado al Cliente,2020-12-01T23:43:36.201Z,41290301,1875204,1,1,0
837594,1371995,CECOM RMA Cerrado,2020-12-01T23:43:02.723Z,40003392,1875203,1,0,1
857352,1371994,Entregado al Cliente,2020-12-01T23:42:11.573Z,41132420,1875202,1,1,0
852682,1371993,CECOM RMA Cerrado,2020-12-01T23:41:54.143Z,18876394,1875201,1,0,1
845855,1371992,CECOM RMA Cerrado,2020-12-01T23:41:36.774Z,41244840,1875200,1,0,1
857351,1371991,Cancelado por Validacion,2020-12-01T23:41:31.608Z,31555218,1875199,1,0,1
857350,1371990,Cancelado por Validacion,2020-12-01T23:40:52.364Z,41023397,1875198,1,0,1
838784,1371989,CECOM RMA Cerrado,2020-12-01T23:40:39.094Z,41158816,1875197,1,0,1
857349,1371988,Entregado al Cliente,2020-12-01T23:40:12.181Z,40264081,1875196,1,1,0
835172,1371987,Entregado al Cliente,2020-12-01T23:40:05.366Z,41010897,1875195,1,1,0
850002,1371986,CECOM RMA Cerrado,2020-12-01T23:40:02.785Z,40903488,1875193,1,0,1
857348,1371985,Entregado al Cliente,2020-12-01T23:40:02.615Z,40449963,1875194,8,24,0
855922,1371984,RMA Reintegro de Inventario,2020-12-01T23:38:40.260Z,39053497,1875192,2,0,2
857347,1371983,Entregado al Cliente,2020-12-01T23:38:22.709Z,40967232,1875191,1,1,0
856251,1371982,CECOM RMA Cerrado,2020-12-01T23:38:18.874Z,39547756,1875190,1,0,1
857346,1371981,Entregado al Cliente,2020-12-01T23:38:10.340Z,40716758,1875189,1,1,0
846800,1371980,CECOM RMA Cerrado,2020-12-01T23:38:05.896Z,41010895,1875188,2,0,2
856883,1371979,Entregado al Cliente,2020-12-01T23:37:54.730Z,39328256,1875187,2,2,0
856883,1371978,Entregado al Cliente,2020-12-01T23:37:52.110Z,39328251,1875186,2,2,0
853171,1371977,CECOM RMA Cerrado,2020-12-01T23:37:28.643Z,38578155,1875185,1,0,1
857345,1371976,En Proceso de Surtido,2020-12-01T23:36:34.030Z,41253482,1875184,1,0,0
825818,1371975,Entregado al Cliente,2020-12-01T23:36:30.336Z,40758055,1875183,1,1,0
857344,1371974,Registro CEDIS,2020-12-01T23:36:00.317Z,40423285,1875182,1,0,0
710012,1371973,CECOM RMA Cerrado,2020-12-01T23:35:31.754Z,40666801,1875181,1,0,1
857343,1371972,Entregado al Cliente,2020-12-01T23:35:29.206Z,41220677,1875180,1,1,0
857342,1371971,Entregado al Cliente,2020-12-01T23:35:15.133Z,41247813,1875179,1,1,0
857342,1371970,Entregado al Cliente,2020-12-01T23:35:13.570Z,40344686,1875178,1,1,0
857341,1371969,Entregado al Cliente,2020-12-01T23:34:58.043Z,37174998,1875177,5,5,0
857340,1371968,Entregado al Cliente,2020-12-01T23:34:51.057Z,41132420,1875176,1,1,0
857340,1371968,Entregado al Cliente,2020-12-01T23:34:51.057Z,41134017,1875175,1,1,0
857340,1371968,Entregado al Cliente,2020-12-01T23:34:51.057Z,41276680,1875174,5,5,0
846075,1371967,CECOM RMA Cerrado,2020-12-01T23:34:10.837Z,40352480,1875173,1,0,1
857339,1371966,Entregado al Cliente,2020-12-01T23:33:42.784Z,40559737,1875172,1,1,0
857338,1371965,Entregado al Cliente,2020-12-01T23:32:23.454Z,40268837,1875171,1,1,0
857336,1371964,Entregado al Cliente,2020-12-01T23:32:18.151Z,40518051,1875170,1,1,0
857337,1371963,Registro CEDIS,2020-12-01T23:32:18.030Z,40430346,1875169,1,0,0
857335,1371962,Rechazado en Tienda,2020-12-01T23:32:14.228Z,36340795,1875168,1,0,1
857335,1371961,Rechazado en Tienda,2020-12-01T23:32:13.049Z,36340796,1875167,1,0,1
826222,1371960,CECOM RMA Cerrado,2020-12-01T23:32:08.017Z,41336896,1875166,1,0,1
857334,1371959,Rechazado en Tienda,2020-12-01T23:31:55.297Z,36340795,1875165,2,0,2
826222,1371958,Entregado al Cliente,2020-12-01T23:31:46.549Z,41253786,1875164,1,1,0
857330,1371957,Entregado al Cliente,2020-12-01T23:31:24.852Z,39928438,1875163,1,1,0
857329,1371956,Entregado al Cliente,2020-12-01T23:31:22.318Z,40121292,1875162,2,2,0
857329,1371955,Entregado al Cliente,2020-12-01T23:31:20.545Z,40121292,1875161,1,1,0
857329,1371955,Entregado al Cliente,2020-12-01T23:31:20.545Z,40121297,1875160,1,1,0
857329,1371955,Entregado al Cliente,2020-12-01T23:31:20.545Z,40836497,1875159,1,1,0
857333,1371954,Enviado al Cliente,2020-12-01T23:31:19.480Z,41032810,1875158,1,1,0
857333,1371954,Enviado al Cliente,2020-12-01T23:31:19.480Z,41032809,1875157,1,1,0
857330,1371953,En Proceso de Surtido,2020-12-01T23:31:19.303Z,40941467,1875156,1,0,0
857329,1371952,Entregado al Cliente,2020-12-01T23:31:18.027Z,40121289,1875155,1,1,0
857332,1371951,Entregado al Cliente,2020-12-01T23:31:17.000Z,41298482,1875152,1,1,0
857333,1371950,Entregado al Cliente,2020-12-01T23:31:16.968Z,38138058,1875154,1,1,0
857333,1371950,Entregado al Cliente,2020-12-01T23:31:16.968Z,41032807,1875153,1,1,0
857325,1371949,Rechazado en Tienda,2020-12-01T23:31:16.521Z,19564394,1875151,1,0,1
857327,1371948,Entregado al Cliente,2020-12-01T23:31:15.976Z,39317678,1875150,1,1,0
857331,1371947,Enviado al Cliente,2020-12-01T23:31:15.884Z,39306880,1875149,1,1,0
857328,1371946,Entregado al Cliente,2020-12-01T23:31:14.724Z,40121292,1875148,1,1,0
857325,1371945,Entregado al Cliente,2020-12-01T23:31:14.173Z,19564394,1875147,2,2,0
857325,1371945,Entregado al Cliente,2020-12-01T23:31:14.173Z,19564399,1875146,1,1,0
857324,1371944,Entregado al Cliente,2020-12-01T23:31:13.094Z,40158127,1875145,1,1,0
857326,1371943,Entregado al Cliente,2020-12-01T23:31:12.781Z,40518053,1875144,1,1,0
857322,1371942,Enviado al Cliente,2020-12-01T23:31:11.503Z,40121289,1875143,1,1,0
857322,1371942,Enviado al Cliente,2020-12-01T23:31:11.503Z,40121297,1875142,1,1,0
857318,1371941,Entregado al Cliente,2020-12-01T23:31:11.235Z,40121297,1875141,1,1,0
857320,1371940,En Proceso de Surtido,2020-12-01T23:31:10.989Z,40854940,1875140,1,0,0
857323,1371939,Entregado al Cliente,2020-12-01T23:31:10.987Z,40518053,1875137,1,2,0
857321,1371938,Entregado al Cliente,2020-12-01T23:31:09.805Z,40121289,1875139,1,1,0
857321,1371938,Entregado al Cliente,2020-12-01T23:31:09.805Z,40121297,1875138,1,1,0
857318,1371937,Entregado al Cliente,2020-12-01T23:31:09.491Z,40121296,1875136,1,1,0
857318,1371937,Entregado al Cliente,2020-12-01T23:31:09.491Z,40121289,1875135,1,1,0
857319,1371936,Entregado al Cliente,2020-12-01T23:31:09.204Z,40121289,1875134,2,2,0
857319,1371936,Entregado al Cliente,2020-12-01T23:31:09.204Z,40121297,1875133,1,1,0
857317,1371935,Entregado al Cliente,2020-12-01T23:31:08.281Z,40098537,1875132,1,1,0
857317,1371934,Enviado al Cliente,2020-12-01T23:31:04.804Z,36311471,1875131,1,1,0
857316,1371933,Entregado al Cliente,2020-12-01T23:30:03.496Z,39176628,1875130,1,1,0
855601,1371932,CECOM RMA Cerrado,2020-12-01T23:29:30.837Z,41180799,1875129,1,0,1
857315,1371931,Enviado al Cliente,2020-12-01T23:29:12.573Z,39468841,1875128,1,1,0
857314,1371930,En Proceso de Surtido,2020-12-01T23:29:11.182Z,41368640,1875127,1,0,0
854407,1371929,CECOM RMA Cerrado,2020-12-01T23:28:57.638Z,41052085,1875126,1,0,1
857313,1371928,Entregado al Cliente,2020-12-01T23:28:32.193Z,40746631,1875125,1,1,0
855719,1371927,CECOM RMA Cerrado,2020-12-01T23:27:45.966Z,41180799,1875124,1,0,1
857312,1371926,Entregado al Cliente,2020-12-01T23:26:18.784Z,41132420,1875123,1,1,0
857312,1371926,Entregado al Cliente,2020-12-01T23:26:18.784Z,41134017,1875122,1,1,0
857312,1371926,Entregado al Cliente,2020-12-01T23:26:18.784Z,41276680,1875121,2,2,0
857311,1371925,RMA Reintegro de Inventario,2020-12-01T23:25:17.614Z,40542745,1875120,1,0,1
857310,1371924,Entregado al Cliente,2020-12-01T23:25:07.475Z,10946453,1875119,1,1,0
857309,1371923,Cancelado por Validacion,2020-12-01T23:24:57.210Z,38638087,1875118,1,0,1
857308,1371922,Entregado al Cliente,2020-12-01T23:24:24.829Z,39549103,1875117,1,1,0
857308,1371922,Entregado al Cliente,2020-12-01T23:24:24.829Z,19294260,1875116,1,1,0
857307,1371921,Entregado al Cliente,2020-12-01T23:24:09.091Z,39943070,1875115,1,1,0
857306,1371920,Registro CEDIS,2020-12-01T23:23:24.268Z,40986448,1875114,1,0,0
857305,1371919,Entregado al Cliente,2020-12-01T23:23:05.428Z,41212317,1875113,1,1,0
857304,1371918,Entregado al Cliente,2020-12-01T23:22:58.935Z,39961562,1875112,1,1,0
857303,1371917,Entregado al Cliente,2020-12-01T23:22:49.503Z,41293764,1875111,1,1,0
857301,1371916,Rechazado en Tienda,2020-12-01T23:22:28.551Z,41023639,1875110,1,0,1
857302,1371915,ON_HOLD,2020-12-01T23:22:27.214Z,37967153,1875109,1,0,0
850687,1371914,Enviado al Cliente,2020-12-01T23:22:09.689Z,39279560,1875108,1,1,0
857300,1371913,Entregado al Cliente,2020-12-01T23:21:53.938Z,40121297,1875107,1,1,0
857300,1371913,Entregado al Cliente,2020-12-01T23:21:53.938Z,40121289,1875106,1,1,0
857299,1371912,Entregado al Cliente,2020-12-01T23:21:35.635Z,40044132,1875105,1,1,0
857298,1371911,Entregado al Cliente,2020-12-01T23:19:37.859Z,41148775,1875104,1,1,0
857297,1371910,Entregado al Cliente,2020-12-01T23:19:29.403Z,41318455,1875103,1,1,0
834872,1371909,CECOM RMA Cerrado,2020-12-01T23:18:59.600Z,36842551,1875102,1,0,1
834872,1371909,CECOM RMA Cerrado,2020-12-01T23:18:59.600Z,36842552,1875101,1,0,1
857296,1371908,Enviado al Cliente,2020-12-01T23:18:54.675Z,40263372,1875100,1,1,0
857295,1371907,Entregado al Cliente,2020-12-01T23:18:18.901Z,40749264,1875099,1,1,0
857294,1371906,Enviado al Cliente,2020-12-01T23:17:53.805Z,41250805,1875098,1,1,0
857293,1371905,Entregado al Cliente,2020-12-01T23:17:11.164Z,41220677,1875097,2,2,0
857292,1371904,SGE RMA Cerrado,2020-12-01T23:17:05.392Z,41198758,1875096,1,0,1
857289,1371903,Entregado al Cliente,2020-12-01T23:16:20.854Z,40646706,1875095,2,2,0
857291,1371902,Entregado al Cliente,2020-12-01T23:16:18.964Z,40344723,1875094,1,1,0
857289,1371901,Entregado al Cliente,2020-12-01T23:16:18.352Z,41170432,1875093,1,1,0
857289,1371901,Entregado al Cliente,2020-12-01T23:16:18.352Z,41170435,1875092,1,1,0
857289,1371901,Entregado al Cliente,2020-12-01T23:16:18.352Z,41170442,1875091,1,1,0
857289,1371901,Entregado al Cliente,2020-12-01T23:16:18.352Z,40885309,1875090,1,1,0
857289,1371901,Entregado al Cliente,2020-12-01T23:16:18.352Z,40844506,1875089,1,1,0
857289,1371900,Entregado al Cliente,2020-12-01T23:16:14.684Z,37630432,1875088,1,1,0
857289,1371900,Entregado al Cliente,2020-12-01T23:16:14.684Z,37955427,1875087,2,2,0
857289,1371900,Entregado al Cliente,2020-12-01T23:16:14.684Z,40540450,1875086,1,1,0
857289,1371900,Entregado al Cliente,2020-12-01T23:16:14.684Z,41170436,1875085,1,1,0
857289,1371900,Entregado al Cliente,2020-12-01T23:16:14.684Z,41170445,1875084,1,1,0
857290,1371899,Enviado al Cliente,2020-12-01T23:16:14.629Z,40121292,1875083,2,2,0
857287,1371898,Entregado al Cliente,2020-12-01T23:16:14.231Z,41173483,1875082,1,1,0
857290,1371897,Entregado al Cliente,2020-12-01T23:16:13.130Z,40121297,1875081,1,1,0
857290,1371897,Entregado al Cliente,2020-12-01T23:16:13.130Z,40121296,1875080,2,2,0
857290,1371897,Entregado al Cliente,2020-12-01T23:16:13.130Z,40121289,1875079,2,2,0
857288,1371896,Entregado al Cliente,2020-12-01T23:16:12.756Z,40840719,1875078,1,1,0
857286,1371895,Entregado al Cliente,2020-12-01T23:16:08.942Z,41212563,1875077,1,1,0
857285,1371894,Enviado al Cliente,2020-12-01T23:15:18.912Z,40135151,1875076,1,1,0
857285,1371893,Entregado al Cliente,2020-12-01T23:15:14.391Z,37169984,1875075,1,1,0
857285,1371893,Entregado al Cliente,2020-12-01T23:15:14.391Z,41154890,1875074,1,1,0
857284,1371892,Entregado al Cliente,2020-12-01T23:13:43.950Z,40121292,1875073,2,2,0
857284,1371891,Entregado al Cliente,2020-12-01T23:13:42.184Z,40121297,1875072,5,5,0
847493,1371890,CECOM RMA Cerrado,2020-12-01T23:12:52.954Z,40552326,1875071,1,0,1
848198,1371889,CECOM RMA Cerrado,2020-12-01T23:12:26.024Z,39695609,1875070,1,0,1
857283,1371888,Entregado al Cliente,2020-12-01T23:12:22.660Z,36606382,1875069,1,1,0
857283,1371888,Entregado al Cliente,2020-12-01T23:12:22.660Z,36311479,1875068,1,1,0
857283,1371888,Entregado al Cliente,2020-12-01T23:12:22.660Z,37169961,1875067,1,1,0
857282,1371887,Entregado al Cliente,2020-12-01T23:11:42.958Z,36453437,1875066,1,1,0
852828,1371886,CECOM RMA Cerrado,2020-12-01T23:10:58.065Z,40211672,1875065,1,0,1
857281,1371885,Entregado al Cliente,2020-12-01T23:10:46.243Z,41374617,1875064,1,1,0
857280,1371884,Entregado al Cliente,2020-12-01T23:10:10.944Z,40472055,1875063,1,1,0
849647,1371883,Entregado al Cliente,2020-12-01T23:09:55.498Z,40749221,1875062,1,1,0
857279,1371882,Entregado al Cliente,2020-12-01T23:09:51.094Z,41282264,1875061,1,1,0
856162,1371881,RMA Reintegro de Inventario,2020-12-01T23:09:25.687Z,40887333,1875060,5,0,5
857278,1371880,Entregado al Cliente,2020-12-01T23:09:17.308Z,41342554,1875059,1,1,0
857277,1371879,Entregado al Cliente,2020-12-01T23:09:14.460Z,41231040,1875058,1,1,0
857276,1371878,Entregado al Cliente,2020-12-01T23:08:50.902Z,41276680,1875057,1,1,0
857275,1371877,Entregado al Cliente,2020-12-01T23:08:46.670Z,41275744,1875056,1,1,0
856341,1371876,RMA Reintegro de Inventario,2020-12-01T23:08:23.557Z,39039505,1875055,1,0,1
857274,1371875,Entregado al Cliente,2020-12-01T23:08:15.494Z,41359558,1875054,1,1,0
854833,1371874,CECOM RMA Cerrado,2020-12-01T23:07:58.185Z,38455369,1875053,2,0,2
854386,1371873,Rechazado en Tienda,2020-12-01T23:07:18.354Z,41295777,1875052,1,0,1
857273,1371872,Entregado al Cliente,2020-12-01T23:07:12.225Z,40121292,1875051,1,1,0
857273,1371871,Entregado al Cliente,2020-12-01T23:07:10.278Z,40121297,1875050,1,1,0
857273,1371871,Entregado al Cliente,2020-12-01T23:07:10.278Z,40121296,1875049,1,1,0
857273,1371871,Entregado al Cliente,2020-12-01T23:07:10.278Z,40121289,1875048,1,1,0
852613,1371870,CECOM RMA Cerrado,2020-12-01T23:06:53.943Z,40353790,1875047,2,0,2
857272,1371869,Enviado al Cliente,2020-12-01T23:06:40.467Z,37903660,1875046,1,1,0
857271,1371868,Entregado al Cliente,2020-12-01T23:06:39.493Z,36311491,1875045,1,1,0
857271,1371867,Entregado al Cliente,2020-12-01T23:06:37.588Z,40098537,1875044,1,1,0
857271,1371867,Entregado al Cliente,2020-12-01T23:06:37.588Z,36311501,1875043,1,1,0
857270,1371866,Cancelado por Validacion,2020-12-01T23:06:31.920Z,41445674,1875042,1,0,1
857269,1371865,Entregado al Cliente,2020-12-01T23:06:22.131Z,41097919,1875041,1,1,0
857269,1371864,Entregado al Cliente,2020-12-01T23:06:19.154Z,41097898,1875040,1,1,0
857269,1371864,Entregado al Cliente,2020-12-01T23:06:19.154Z,41098002,1875039,1,1,0
856813,1371863,RMA Reintegro de Inventario,2020-12-01T23:06:12.119Z,39039505,1875038,4,0,4
857268,1371862,Entregado al Cliente,2020-12-01T23:06:02.026Z,38991680,1875037,1,1,0
857267,1371861,Entregado al Cliente,2020-12-01T23:05:50.909Z,40304243,1875036,1,1,0
857266,1371860,Entregado al Cliente,2020-12-01T23:05:42.431Z,41276680,1875035,1,1,0
857265,1371859,Rechazado en Tienda,2020-12-01T23:05:29.944Z,36340795,1875034,2,0,2
856646,1371858,RMA Reintegro de Inventario,2020-12-01T23:05:27.203Z,38455369,1875033,2,0,2
853312,1371857,Entregado al Cliente,2020-12-01T23:05:12.844Z,13335371,1875032,2,2,0
857264,1371856,Entregado al Cliente,2020-12-01T23:04:45.976Z,36311442,1875031,1,1,0
857263,1371855,Entregado al Cliente,2020-12-01T23:04:17.145Z,41281967,1875030,1,1,0
852948,1371854,Rechazado en Tienda,2020-12-01T23:03:52.895Z,39112158,1875029,2,0,2
857262,1371853,Entregado al Cliente,2020-12-01T23:02:17.980Z,40044132,1875028,1,1,0
857260,1371852,Entregado al Cliente,2020-12-01T23:02:00.277Z,39777117,1875027,1,1,0
857261,1371851,Entregado al Cliente,2020-12-01T23:01:58.118Z,16670784,1875026,1,1,0
857260,1371850,Entregado al Cliente,2020-12-01T23:01:57.445Z,41372361,1875025,5,5,0
857260,1371849,Entregado al Cliente,2020-12-01T23:01:55.615Z,37479057,1875024,1,1,0
857260,1371849,Entregado al Cliente,2020-12-01T23:01:55.615Z,36231050,1875023,1,1,0
857260,1371849,Entregado al Cliente,2020-12-01T23:01:55.615Z,38740062,1875022,1,1,0
857259,1371848,RMA Reintegro de Inventario,2020-12-01T23:01:16.859Z,41332491,1875021,1,0,1
857255,1371847,Entregado al Cliente,2020-12-01T23:01:15.896Z,19404099,1875020,1,1,0
857256,1371846,Entregado al Cliente,2020-12-01T23:01:14.691Z,40603079,1875019,1,1,0
857251,1371845,Entregado al Cliente,2020-12-01T23:01:13.795Z,41203114,1875018,1,1,0
857258,1371844,Entregado al Cliente,2020-12-01T23:01:13.791Z,41328458,1875017,1,1,0
857254,1371843,Entregado al Cliente,2020-12-01T23:01:13.716Z,40121292,1875016,1,1,0
857253,1371842,Entregado al Cliente,2020-12-01T23:01:12.317Z,40844581,1875015,1,1,0
857254,1371841,Entregado al Cliente,2020-12-01T23:01:12.254Z,40121297,1875014,1,1,0
857254,1371841,Entregado al Cliente,2020-12-01T23:01:12.254Z,40121296,1875013,1,1,0
857256,1371840,Entregado al Cliente,2020-12-01T23:01:12.095Z,41012175,1875012,1,1,0
857256,1371840,Entregado al Cliente,2020-12-01T23:01:12.095Z,41306576,1875011,1,1,0
857257,1371839,Entregado al Cliente,2020-12-01T23:01:11.984Z,41316775,1875010,1,1,0
857252,1371838,Entregado al Cliente,2020-12-01T23:01:10.535Z,40941782,1875009,1,1,0
857251,1371837,Entregado al Cliente,2020-12-01T23:01:09.896Z,40971094,1875008,1,1,0
857250,1371836,Entregado al Cliente,2020-12-01T23:01:07.811Z,40264081,1875007,1,1,0
857249,1371835,Entregado al Cliente,2020-12-01T23:00:37.590Z,41132420,1875006,1,1,0
857249,1371835,Entregado al Cliente,2020-12-01T23:00:37.590Z,41134017,1875005,1,1,0
857249,1371835,Entregado al Cliente,2020-12-01T23:00:37.590Z,41276680,1875004,1,1,0
857248,1371834,Rechazado en Tienda,2020-12-01T23:00:17.868Z,40101361,1875003,1,0,1
855716,1371833,Entregado al Cliente,2020-12-01T23:00:11.053Z,30529490,1875002,1,1,0
857247,1371832,Entregado al Cliente,2020-12-01T22:59:31.359Z,40962061,1875001,1,1,0
857246,1371831,Entregado al Cliente,2020-12-01T22:59:24.724Z,40967232,1875000,1,1,0
857245,1371830,Entregado al Cliente,2020-12-01T22:59:22.111Z,40348997,1874999,1,1,0
857244,1371829,Rechazado en Tienda,2020-12-01T22:58:27.039Z,38245614,1874998,1,0,1
857244,1371828,Entregado al Cliente,2020-12-01T22:58:25.944Z,40121292,1874997,1,1,0
857244,1371827,Entregado al Cliente,2020-12-01T22:58:24.370Z,40121297,1874996,1,1,0
857244,1371827,Entregado al Cliente,2020-12-01T22:58:24.370Z,40121296,1874995,1,1,0
857244,1371827,Entregado al Cliente,2020-12-01T22:58:24.370Z,40121289,1874994,1,1,0
857243,1371826,Entregado al Cliente,2020-12-01T22:58:21.569Z,41134008,1874993,1,1,0
857243,1371826,Entregado al Cliente,2020-12-01T22:58:21.569Z,41132420,1874992,11,11,0
857242,1371825,Entregado al Cliente,2020-12-01T22:58:10.553Z,38162603,1874991,1,1,0
857242,1371824,Entregado al Cliente,2020-12-01T22:58:06.447Z,37146884,1874990,1,1,0
857242,1371824,Entregado al Cliente,2020-12-01T22:58:06.447Z,37633784,1874989,1,1,0
857241,1371823,Entregado al Cliente,2020-12-01T22:57:56.589Z,41156933,1874988,1,1,0
857241,1371822,Entregado al Cliente,2020-12-01T22:57:53.968Z,41220690,1874987,1,1,0
857241,1371821,Entregado al Cliente,2020-12-01T22:57:51.996Z,38144897,1874986,1,1,0
857240,1371820,Entregado al Cliente,2020-12-01T22:57:34.475Z,18919439,1874985,1,1,0
845374,1371819,CECOM RMA Cerrado,2020-12-01T22:57:08.650Z,37790110,1874984,1,0,1
857239,1371818,Entregado al Cliente,2020-12-01T22:56:30.839Z,40598747,1874983,1,1,0
857239,1371817,Entregado al Cliente,2020-12-01T22:56:28.547Z,41106914,1874982,1,0,0
845505,1371816,CECOM RMA Cerrado,2020-12-01T22:56:22.053Z,37790110,1874981,1,0,1
857238,1371815,Registro CEDIS,2020-12-01T22:56:06.221Z,39961562,1874980,1,0,0
857237,1371814,Entregado al Cliente,2020-12-01T22:55:33.441Z,39898934,1874979,1,1,0
857237,1371814,Entregado al Cliente,2020-12-01T22:55:33.441Z,38175983,1874978,1,1,0
854949,1371813,Entregado al Cliente,2020-12-01T22:54:28.050Z,41314229,1874977,1,1,0
857236,1371812,Entregado al Cliente,2020-12-01T22:54:13.522Z,39881694,1874976,1,1,0
838512,1371811,RMA Reintegro de Inventario,2020-12-01T22:53:50.764Z,38725892,1874975,1,0,1
854981,1371810,CECOM RMA Cerrado,2020-12-01T22:53:44.802Z,40519852,1874974,1,0,1
857235,1371809,Enviado al Cliente,2020-12-01T22:53:08.844Z,40927808,1874973,1,2,0
837654,1371808,CECOM RMA Cerrado,2020-12-01T22:52:54.684Z,39614610,1874972,1,0,1
857234,1371807,Entregado al Cliente,2020-12-01T22:52:41.061Z,41087059,1874971,1,1,0
857234,1371807,Entregado al Cliente,2020-12-01T22:52:41.061Z,41226952,1874970,1,2,0
857233,1371806,Rechazado en Tienda,2020-12-01T22:52:28.799Z,36608820,1874969,1,0,1
857233,1371805,Entregado al Cliente,2020-12-01T22:52:25.711Z,38480906,1874968,1,1,0
857232,1371804,Enviado al Cliente,2020-12-01T22:52:12.197Z,40501329,1874967,3,3,0
857232,1371804,Enviado al Cliente,2020-12-01T22:52:12.197Z,40525602,1874966,5,5,0
857232,1371804,Enviado al Cliente,2020-12-01T22:52:12.197Z,41342558,1874965,1,1,0
857231,1371803,Entregado al Cliente,2020-12-01T22:51:48.855Z,41069416,1874964,1,1,0
857230,1371802,Entregado al Cliente,2020-12-01T22:50:42.668Z,40811345,1874963,1,1,0
857230,1371801,Entregado al Cliente,2020-12-01T22:50:39.367Z,40886405,1874962,1,1,0
857229,1371800,Entregado al Cliente,2020-12-01T22:50:29.099Z,41134017,1874961,1,1,0
857229,1371800,Entregado al Cliente,2020-12-01T22:50:29.099Z,41276680,1874960,2,2,0
857228,1371799,Enviado al Cliente,2020-12-01T22:49:54.019Z,40321989,1874959,1,1,0
854953,1371798,Entregado al Cliente,2020-12-01T22:49:52.864Z,40457551,1874958,1,1,0
857227,1371797,En Proceso de Surtido,2020-12-01T22:49:47.636Z,41081836,1874957,1,0,0
857226,1371796,Entregado al Cliente,2020-12-01T22:49:45.684Z,41276680,1874956,1,1,0
857225,1371795,Entregado al Cliente,2020-12-01T22:49:34.717Z,40566544,1874955,1,1,0
857225,1371795,Entregado al Cliente,2020-12-01T22:49:34.717Z,40566548,1874954,1,1,0
855171,1371794,CECOM RMA Cerrado,2020-12-01T22:49:32.787Z,38305330,1874953,1,0,1
857224,1371793,Cancelado por Validacion,2020-12-01T22:49:29.246Z,38430873,1874952,1,0,1
857223,1371792,Entregado al Cliente,2020-12-01T22:49:21.715Z,40472055,1874951,1,1,0
857222,1371791,Entregado al Cliente,2020-12-01T22:49:10.689Z,41244825,1874950,1,1,0
857222,1371791,Entregado al Cliente,2020-12-01T22:49:10.689Z,41244827,1874949,1,1,0
857222,1371791,Entregado al Cliente,2020-12-01T22:49:10.689Z,41244836,1874948,1,1,0
857222,1371791,Entregado al Cliente,2020-12-01T22:49:10.689Z,41244844,1874947,2,2,0
857222,1371791,Entregado al Cliente,2020-12-01T22:49:10.689Z,41212761,1874946,1,1,0
857222,1371791,Entregado al Cliente,2020-12-01T22:49:10.689Z,41192256,1874945,1,1,0
850424,1371790,Entregado al Cliente,2020-12-01T22:48:51.041Z,18128277,1874944,1,1,0
857221,1371789,Entregado al Cliente,2020-12-01T22:48:26.866Z,41293764,1874943,2,2,0
857220,1371788,Entregado al Cliente,2020-12-01T22:48:26.665Z,40201717,1874942,1,1,0
857219,1371787,Asignado,2020-12-01T22:48:07.836Z,41222624,1874941,1,0,0
839514,1371786,CECOM RMA Cerrado,2020-12-01T22:47:56.650Z,36834007,1874940,1,0,1
857218,1371785,Entregado al Cliente,2020-12-01T22:47:51.537Z,36729325,1874939,1,1,0
857218,1371785,Entregado al Cliente,2020-12-01T22:47:51.537Z,36887242,1874938,2,2,0
840055,1371784,CECOM RMA Cerrado,2020-12-01T22:47:12.271Z,36834007,1874937,1,0,1
857217,1371783,Entregado al Cliente,2020-12-01T22:46:45.806Z,41387874,1874936,1,1,0
857212,1371782,Rechazado en Tienda,2020-12-01T22:46:16.357Z,39518867,1874935,1,0,1
857216,1371781,Enviado al Cliente,2020-12-01T22:46:16.276Z,40786014,1874934,1,1,0
857213,1371780,Entregado al Cliente,2020-12-01T22:46:13.224Z,40757302,1874933,1,1,0
857211,1371779,Enviado al Cliente,2020-12-01T22:46:12.552Z,40121292,1874931,1,1,0
857212,1371778,Rechazado en Tienda,2020-12-01T22:46:12.514Z,40374117,1874932,1,0,1
857215,1371777,En Proceso de Surtido,2020-12-01T22:46:12.266Z,40896052,1874930,1,0,0
857213,1371776,ON_HOLD,2020-12-01T22:46:11.610Z,39054445,1874929,1,0,0
857214,1371775,Enviado al Cliente,2020-12-01T22:46:11.157Z,40121296,1874928,1,1,0
857211,1371774,Enviado al Cliente,2020-12-01T22:46:11.000Z,40121297,1874927,1,1,0
857211,1371774,Enviado al Cliente,2020-12-01T22:46:11.000Z,40121289,1874926,1,1,0
857210,1371773,Entregado al Cliente,2020-12-01T22:46:09.073Z,40121297,1874925,1,1,0
857210,1371773,Entregado al Cliente,2020-12-01T22:46:09.073Z,40121296,1874924,1,2,0
857209,1371772,Entregado al Cliente,2020-12-01T22:46:08.100Z,41022660,1874923,1,1,0
839848,1371771,CECOM RMA Cerrado,2020-12-01T22:45:53.948Z,36834007,1874922,1,0,1
857208,1371770,Entregado al Cliente,2020-12-01T22:44:52.111Z,41142067,1874921,1,1,0
840123,1371769,CECOM RMA Cerrado,2020-12-01T22:44:44.194Z,36834007,1874920,2,0,2
857207,1371768,Enviado al Cliente,2020-12-01T22:44:33.418Z,40350676,1874919,1,1,0
857206,1371767,Entregado al Cliente,2020-12-01T22:44:25.084Z,38381091,1874918,1,1,0
857206,1371766,Entregado al Cliente,2020-12-01T22:44:23.669Z,37400099,1874917,1,1,0
857206,1371766,Entregado al Cliente,2020-12-01T22:44:23.669Z,39024623,1874916,1,1,0
857206,1371766,Entregado al Cliente,2020-12-01T22:44:23.669Z,40898685,1874915,1,1,0
857206,1371766,Entregado al Cliente,2020-12-01T22:44:23.669Z,41099532,1874914,1,1,0
857206,1371766,Entregado al Cliente,2020-12-01T22:44:23.669Z,41146728,1874913,1,1,0
857205,1371765,Entregado al Cliente,2020-12-01T22:43:55.659Z,39699284,1874912,1,1,0
857204,1371764,Entregado al Cliente,2020-12-01T22:43:45.706Z,41239504,1874911,1,1,0
857204,1371764,Entregado al Cliente,2020-12-01T22:43:45.706Z,41239509,1874910,1,1,0
857204,1371763,Entregado al Cliente,2020-12-01T22:43:43.265Z,31284443,1874909,1,1,0
857203,1371762,Entregado al Cliente,2020-12-01T22:43:29.675Z,40741184,1874908,1,2,0
857202,1371761,Entregado al Cliente,2020-12-01T22:43:24.324Z,38926718,1874907,1,1,0
857201,1371760,Enviado al Cliente,2020-12-01T22:43:00.899Z,40580996,1874906,1,1,0
843297,1371759,Enviado al Cliente,2020-12-01T22:42:49.694Z,40899311,1874905,1,1,0
843297,1371758,En Proceso de Surtido,2020-12-01T22:42:48.459Z,40899311,1874904,1,0,0
857200,1371757,Recolectado,2020-12-01T22:42:19.302Z,17541147,1874903,1,1,0
857199,1371756,Entregado al Cliente,2020-12-01T22:42:17.140Z,41028560,1874902,1,1,0
857199,1371755,Entregado al Cliente,2020-12-01T22:42:14.600Z,41028566,1874901,1,1,0
831343,1371754,CECOM RMA Cerrado,2020-12-01T22:42:10.691Z,39007814,1874900,1,0,1
847499,1371753,Rechazado en Tienda,2020-12-01T22:41:57.005Z,40931822,1874899,1,0,1
847499,1371752,Entregado al Cliente,2020-12-01T22:41:55.647Z,40931822,1874898,2,2,0
844112,1371751,Entregado al Cliente,2020-12-01T22:41:03.903Z,40931822,1874897,1,1,0
857198,1371750,Entregado al Cliente,2020-12-01T22:40:49.347Z,41134017,1874896,1,1,0
857198,1371750,Entregado al Cliente,2020-12-01T22:40:49.347Z,41276680,1874895,3,3,0
857197,1371749,Entregado al Cliente,2020-12-01T22:40:13.628Z,39132257,1874894,1,1,0
847171,1371748,CECOM RMA Cerrado,2020-12-01T22:39:59.627Z,40547613,1874893,1,0,1
857196,1371747,Entregado al Cliente,2020-12-01T22:39:51.267Z,39444525,1874892,1,1,0
847114,1371746,CECOM RMA Cerrado,2020-12-01T22:39:03.367Z,40547613,1874891,1,0,1
857195,1371745,Entregado al Cliente,2020-12-01T22:38:44.509Z,17181345,1874890,1,1,0
855271,1371744,CECOM RMA Cerrado,2020-12-01T22:38:43.565Z,38925544,1874889,1,0,1
854691,1371743,Rechazado en Tienda,2020-12-01T22:38:24.976Z,40263359,1874888,1,0,1
857194,1371742,Entregado al Cliente,2020-12-01T22:38:09.716Z,40758490,1874887,1,1,0
855719,1371741,Rechazado en Tienda,2020-12-01T22:38:02.201Z,41180799,1874886,1,0,1
852423,1371740,CECOM RMA Cerrado,2020-12-01T22:37:40.782Z,41049841,1874885,1,0,1
857193,1371739,Entregado al Cliente,2020-12-01T22:37:27.516Z,39820249,1874884,1,1,0
857192,1371738,RMA Reintegro de Inventario,2020-12-01T22:37:22.988Z,38245614,1874883,2,0,2
857192,1371738,RMA Reintegro de Inventario,2020-12-01T22:37:22.988Z,39220097,1874882,1,0,1
844215,1371737,Entregado al Cliente,2020-12-01T22:37:19.593Z,40931824,1874881,1,1,0
857191,1371736,Entregado al Cliente,2020-12-01T22:36:17.536Z,38631274,1874880,1,1,0
857191,1371735,Entregado al Cliente,2020-12-01T22:36:15.277Z,40459739,1874879,1,1,0
857190,1371734,Enviado al Cliente,2020-12-01T22:36:00.562Z,41334740,1874878,1,1,0
857189,1371733,Entregado al Cliente,2020-12-01T22:35:39.630Z,38674758,1874877,1,1,0
857189,1371733,Entregado al Cliente,2020-12-01T22:35:39.630Z,40787139,1874876,1,2,0
847633,1371732,Enviado al Cliente,2020-12-01T22:35:12.709Z,41163374,1874875,1,1,0
857188,1371731,Entregado al Cliente,2020-12-01T22:34:34.827Z,40756031,1874874,1,1,0
852124,1371730,CECOM RMA Cerrado,2020-12-01T22:34:19.166Z,36608820,1874873,1,0,1
857187,1371729,Enviado al Cliente,2020-12-01T22:33:41.719Z,41085947,1874872,1,1,0
846203,1371728,CECOM RMA Cerrado,2020-12-01T22:33:23.626Z,37790111,1874871,1,0,1
847974,1371727,CECOM RMA Cerrado,2020-12-01T22:32:26.823Z,37790111,1874870,1,0,1
857186,1371726,Enviado al Cliente,2020-12-01T22:32:00.184Z,39523134,1874869,1,1,0
857185,1371725,Asignado,2020-12-01T22:31:39.653Z,39419987,1874868,1,0,0
857184,1371724,Entregado al Cliente,2020-12-01T22:31:25.515Z,36311502,1874867,1,1,0
857184,1371723,Entregado al Cliente,2020-12-01T22:31:22.432Z,40946505,1874866,1,5,0
857184,1371723,Entregado al Cliente,2020-12-01T22:31:22.432Z,39946137,1874865,1,1,0
857183,1371722,Entregado al Cliente,2020-12-01T22:31:22.252Z,19692195,1874864,1,1,0
857183,1371722,Entregado al Cliente,2020-12-01T22:31:22.252Z,39633906,1874863,2,2,0
857183,1371722,Entregado al Cliente,2020-12-01T22:31:22.252Z,39317678,1874862,6,6,0
857182,1371721,Entregado al Cliente,2020-12-01T22:31:17.141Z,40946516,1874861,1,1,0
857181,1371720,Entregado al Cliente,2020-12-01T22:31:12.901Z,40264081,1874860,1,1,0
857178,1371719,Entregado al Cliente,2020-12-01T22:31:11.543Z,40121292,1874859,1,1,0
857178,1371719,Entregado al Cliente,2020-12-01T22:31:11.543Z,40121297,1874858,1,1,0
857178,1371719,Entregado al Cliente,2020-12-01T22:31:11.543Z,40121296,1874857,1,1,0
857178,1371719,Entregado al Cliente,2020-12-01T22:31:11.543Z,40121289,1874856,1,1,0
857180,1371718,Entregado al Cliente,2020-12-01T22:31:10.846Z,39049995,1874855,1,2,0
857179,1371717,Entregado al Cliente,2020-12-01T22:31:10.552Z,40121292,1874854,1,1,0
857179,1371717,Entregado al Cliente,2020-12-01T22:31:10.552Z,40121297,1874853,2,2,0
857179,1371717,Entregado al Cliente,2020-12-01T22:31:10.552Z,40121296,1874852,2,2,0
857179,1371717,Entregado al Cliente,2020-12-01T22:31:10.552Z,40121289,1874851,2,2,0
857177,1371716,Rechazado en Tienda,2020-12-01T22:31:10.402Z,41023638,1874850,1,0,1
857176,1371715,Entregado al Cliente,2020-12-01T22:31:08.461Z,40121292,1874849,1,1,0
857176,1371715,Entregado al Cliente,2020-12-01T22:31:08.461Z,40121297,1874848,2,2,0
857176,1371715,Entregado al Cliente,2020-12-01T22:31:08.461Z,40121296,1874847,2,2,0
857175,1371714,Entregado al Cliente,2020-12-01T22:30:46.453Z,41276680,1874846,1,1,0
857174,1371713,Rechazado en Tienda,2020-12-01T22:30:44.917Z,40044132,1874845,1,0,1
846500,1371712,CECOM RMA Cerrado,2020-12-01T22:30:31.592Z,40459165,1874844,1,0,1
857173,1371711,Entregado al Cliente,2020-12-01T22:30:01.105Z,41132420,1874843,2,2,0
857173,1371711,Entregado al Cliente,2020-12-01T22:30:01.105Z,41134017,1874842,1,1,0
857173,1371711,Entregado al Cliente,2020-12-01T22:30:01.105Z,41276680,1874841,2,2,0
857172,1371710,Entregado al Cliente,2020-12-01T22:29:44.414Z,41132420,1874840,1,1,0
857172,1371710,Entregado al Cliente,2020-12-01T22:29:44.414Z,41276680,1874839,1,1,0
846612,1371709,En Proceso de Surtido,2020-12-01T22:29:41.656Z,38342594,1874838,2,0,0
857171,1371708,Entregado al Cliente,2020-12-01T22:29:30.091Z,41229178,1874837,1,2,0
856006,1371707,CECOM RMA Cerrado,2020-12-01T22:28:46.283Z,40121291,1874836,1,0,1
856007,1371706,CECOM RMA Cerrado,2020-12-01T22:27:52.736Z,40121291,1874835,1,0,1
857170,1371705,Surtido Completo,2020-12-01T22:26:07.847Z,31702122,1874834,1,1,0
854397,1371704,CECOM RMA Cerrado,2020-12-01T22:25:55.814Z,41095439,1874833,3,0,3
852918,1371703,CECOM RMA Cerrado,2020-12-01T22:25:31.137Z,41095439,1874832,2,0,2
857169,1371702,Entregado al Cliente,2020-12-01T22:25:21.087Z,41134017,1874831,1,1,0
857169,1371702,Entregado al Cliente,2020-12-01T22:25:21.087Z,41276680,1874830,4,4,0
857168,1371701,Entregado al Cliente,2020-12-01T22:25:00.485Z,41276680,1874829,1,1,0
857167,1371700,Entregado al Cliente,2020-12-01T22:24:25.237Z,41276680,1874828,1,1,0
857166,1371699,Entregado al Cliente,2020-12-01T22:23:59.500Z,41268505,1874827,1,1,0
857165,1371698,Entregado al Cliente,2020-12-01T22:23:58.424Z,39548778,1874826,1,1,0
857165,1371698,Entregado al Cliente,2020-12-01T22:23:58.424Z,40232179,1874825,1,1,0
854584,1371697,CECOM RMA Cerrado,2020-12-01T22:23:51.841Z,40873961,1874824,1,0,1
854584,1371696,Entregado al Cliente,2020-12-01T22:23:49.168Z,41012365,1874823,1,1,0
854584,1371695,Entregado al Cliente,2020-12-01T22:23:44.686Z,39924540,1874822,1,1,0
854584,1371695,Entregado al Cliente,2020-12-01T22:23:44.686Z,41310245,1874821,1,1,0
857164,1371694,Entregado al Cliente,2020-12-01T22:22:42.826Z,41132420,1874820,1,1,0
857163,1371693,Recolectado,2020-12-01T22:22:36.603Z,41211955,1874819,1,1,0
857162,1371692,Entregado al Cliente,2020-12-01T22:22:30.415Z,41276680,1874818,1,1,0
857161,1371691,Entregado al Cliente,2020-12-01T22:22:22.931Z,36311473,1874817,1,1,0
856201,1371690,RMA Reintegro de Inventario,2020-12-01T22:21:48.892Z,40344688,1874816,1,0,1
857160,1371689,Asignado,2020-12-01T22:21:29.997Z,37671210,1874815,1,0,0
857159,1371688,Entregado al Cliente,2020-12-01T22:21:21.920Z,40652591,1874814,1,1,0
857158,1371687,Entregado al Cliente,2020-12-01T22:21:13.185Z,41063571,1874813,1,2,0
857157,1371686,Entregado al Cliente,2020-12-01T22:20:30.513Z,39975802,1874812,1,1,0
788001,1371685,CECOM RMA Cerrado,2020-12-01T22:20:16.693Z,40501072,1874811,1,0,1
857156,1371684,Entregado al Cliente,2020-12-01T22:19:58.714Z,41252389,1874810,1,1,0
846829,1371683,CECOM RMA Cerrado,2020-12-01T22:19:13.153Z,40761379,1874809,1,0,1
847482,1371682,CECOM RMA Cerrado,2020-12-01T22:18:49.864Z,41311579,1874808,1,0,1
857155,1371681,Asignado,2020-12-01T22:18:42.913Z,41222626,1874807,1,0,0
836947,1371680,RMA Reintegro de Inventario,2020-12-01T22:18:23.140Z,40932351,1874806,1,0,1
844195,1371679,CECOM RMA Cerrado,2020-12-01T22:17:57.342Z,39605104,1874805,1,0,1
857154,1371678,Entregado al Cliente,2020-12-01T22:17:32.243Z,41159562,1874804,1,1,0
857154,1371678,Entregado al Cliente,2020-12-01T22:17:32.243Z,40967730,1874803,1,1,0
840859,1371677,CECOM RMA Cerrado,2020-12-01T22:17:30.616Z,40265696,1874801,1,0,1
840859,1371677,CECOM RMA Cerrado,2020-12-01T22:17:30.616Z,39039505,1874800,1,0,1
857152,1371676,Entregado al Cliente,2020-12-01T22:17:30.352Z,40796356,1874802,1,1,0
857153,1371675,Entregado al Cliente,2020-12-01T22:17:27.438Z,41299692,1874799,1,1,0
857151,1371674,Enviado al Cliente,2020-12-01T22:17:27.317Z,12050314,1874798,1,1,0
857150,1371673,Entregado al Cliente,2020-12-01T22:16:50.418Z,41276680,1874797,2,2,0
835982,1371672,CECOM RMA Cerrado,2020-12-01T22:16:40.862Z,40193394,1874796,1,0,1
857147,1371671,Entregado al Cliente,2020-12-01T22:16:08.876Z,40897026,1874795,1,1,0
857147,1371671,Entregado al Cliente,2020-12-01T22:16:08.876Z,40897028,1874794,1,1,0
857147,1371671,Entregado al Cliente,2020-12-01T22:16:08.876Z,40836488,1874793,1,1,0
857149,1371670,Entregado al Cliente,2020-12-01T22:16:07.259Z,41052191,1874792,1,1,0
857148,1371669,Entregado al Cliente,2020-12-01T22:16:06.458Z,40778212,1874791,1,1,0
857148,1371669,Entregado al Cliente,2020-12-01T22:16:06.458Z,41176824,1874790,1,1,0
857147,1371668,Entregado al Cliente,2020-12-01T22:16:05.930Z,40897024,1874789,1,1,0
857147,1371668,Entregado al Cliente,2020-12-01T22:16:05.930Z,40897027,1874788,2,2,0
857147,1371668,Entregado al Cliente,2020-12-01T22:16:05.930Z,40811335,1874787,1,1,0
857146,1371667,Entregado al Cliente,2020-12-01T22:15:29.238Z,41063582,1874786,1,1,0
857145,1371666,SGE Reintegro de Inventario,2020-12-01T22:12:44.120Z,39610083,1874785,1,0,1
857144,1371665,Enviado al Cliente,2020-12-01T22:12:40.148Z,37379642,1874784,1,1,0
857143,1371664,Entregado al Cliente,2020-12-01T22:12:24.107Z,18492621,1874783,1,1,0
857142,1371663,En Proceso de Surtido,2020-12-01T22:12:15.919Z,41293760,1874782,1,0,0
857141,1371662,Entregado al Cliente,2020-12-01T22:10:52.719Z,40972697,1874781,1,1,0
857140,1371661,Cancelado por Validacion,2020-12-01T22:10:51.998Z,41351991,1874780,1,0,1
857138,1371660,Entregado al Cliente,2020-12-01T22:09:35.592Z,36745194,1874779,1,1,0
857138,1371660,Entregado al Cliente,2020-12-01T22:09:35.592Z,41334655,1874778,1,1,0
857139,1371659,Entregado al Cliente,2020-12-01T22:09:32.066Z,41276680,1874777,1,1,0
857137,1371658,Entregado al Cliente,2020-12-01T22:09:12.324Z,40183134,1874776,1,1,0
857136,1371657,Entregado al Cliente,2020-12-01T22:09:04.856Z,41276680,1874775,1,1,0
857135,1371656,Entregado al Cliente,2020-12-01T22:08:48.173Z,41115963,1874774,1,1,0
857134,1371655,Entregado al Cliente,2020-12-01T22:07:36.915Z,41276680,1874773,1,1,0
857133,1371654,Entregado al Cliente,2020-12-01T22:07:34.888Z,40730692,1874772,1,1,0
857132,1371653,Entregado al Cliente,2020-12-01T22:06:43.444Z,41333321,1874771,1,1,0
857131,1371652,Entregado al Cliente,2020-12-01T22:03:35.186Z,41210088,1874770,1,1,0
857130,1371651,Asignado,2020-12-01T22:03:33.858Z,40894530,1874769,1,0,0
857129,1371650,Entregado al Cliente,2020-12-01T22:03:31.497Z,39333835,1874768,2,2,0
857129,1371650,Entregado al Cliente,2020-12-01T22:03:31.497Z,37956275,1874767,2,2,0
857128,1371649,Entregado al Cliente,2020-12-01T22:02:27.280Z,41201648,1874766,1,1,0
852421,1371648,CECOM RMA Cerrado,2020-12-01T22:02:12.676Z,41146238,1874765,1,0,1
857127,1371647,Entregado al Cliente,2020-12-01T22:02:04.482Z,40539954,1874764,1,1,0
857126,1371646,Entregado al Cliente,2020-12-01T22:01:50.184Z,41276680,1874763,1,1,0
857125,1371645,Enviado al Cliente,2020-12-01T22:01:44.032Z,40840468,1874762,1,1,0
857124,1371644,Entregado al Cliente,2020-12-01T22:01:06.748Z,39689891,1874761,1,1,0
857123,1371643,Entregado al Cliente,2020-12-01T22:01:05.347Z,38774265,1874760,1,1,0
857122,1371642,Entregado al Cliente,2020-12-01T22:00:50.013Z,41276680,1874759,2,2,0
854569,1371641,Entregado al Cliente,2020-12-01T21:58:40.095Z,40070090,1874758,1,1,0
857121,1371640,Entregado al Cliente,2020-12-01T21:56:20.278Z,41317325,1874757,1,1,0
857121,1371639,Entregado al Cliente,2020-12-01T21:56:17.434Z,41318645,1874756,1,1,0
857120,1371638,Entregado al Cliente,2020-12-01T21:56:00.705Z,37535011,1874755,1,1,0
857119,1371637,Entregado al Cliente,2020-12-01T21:55:56.849Z,40214419,1874754,1,1,0
727015,1371636,CECOM RMA Cerrado,2020-12-01T21:54:49.958Z,40559624,1874753,1,0,1
857118,1371635,Entregado al Cliente,2020-12-01T21:54:18.274Z,41134017,1874752,1,1,0
857118,1371635,Entregado al Cliente,2020-12-01T21:54:18.274Z,41276680,1874751,4,4,0
857117,1371634,Entregado al Cliente,2020-12-01T21:54:11.912Z,40913848,1874750,1,1,0
857116,1371633,Entregado al Cliente,2020-12-01T21:54:02.045Z,39978836,1874749,1,1,0
857115,1371632,Entregado al Cliente,2020-12-01T21:53:57.262Z,36453064,1874748,1,1,0
857114,1371631,Entregado al Cliente,2020-12-01T21:51:39.927Z,41276680,1874747,1,1,0
857113,1371630,Enviado al Cliente,2020-12-01T21:51:10.307Z,41176963,1874746,1,1,0
857112,1371629,Entregado al Cliente,2020-12-01T21:50:23.906Z,41276680,1874745,1,1,0
857111,1371628,Rechazado en Tienda,2020-12-01T21:48:31.100Z,39227938,1874744,1,0,1
847304,1371627,Entregado al Cliente,2020-12-01T21:47:31.248Z,39971352,1874743,1,1,0
857110,1371626,Enviado al Cliente,2020-12-01T21:46:32.651Z,41274649,1874742,1,1,0
857109,1371625,Entregado al Cliente,2020-12-01T21:45:28.261Z,40214387,1874741,1,1,0
838415,1371624,CECOM RMA Cerrado,2020-12-01T21:45:14.928Z,40982946,1874740,2,0,2
857106,1371623,Entregado al Cliente,2020-12-01T21:45:10.568Z,40121292,1874737,1,1,0
857106,1371623,Entregado al Cliente,2020-12-01T21:45:10.568Z,40121297,1874736,1,1,0
857106,1371623,Entregado al Cliente,2020-12-01T21:45:10.568Z,40121296,1874735,1,1,0
857106,1371623,Entregado al Cliente,2020-12-01T21:45:10.568Z,40121289,1874734,1,1,0
857107,1371622,Entregado al Cliente,2020-12-01T21:45:09.985Z,40676193,1874739,1,1,0
857107,1371622,Entregado al Cliente,2020-12-01T21:45:09.985Z,41364352,1874738,1,1,0
857108,1371621,Entregado al Cliente,2020-12-01T21:45:09.860Z,38318687,1874733,1,1,0
857105,1371620,En Proceso de Surtido,2020-12-01T21:45:08.485Z,40466571,1874732,1,0,0
857105,1371620,En Proceso de Surtido,2020-12-01T21:45:08.485Z,40264081,1874731,1,0,0
857103,1371619,Entregado al Cliente,2020-12-01T21:45:08.479Z,41159339,1874730,1,1,0
857102,1371618,Enviado al Cliente,2020-12-01T21:45:06.882Z,41010624,1874729,1,1,0
857104,1371617,Entregado al Cliente,2020-12-01T21:45:05.820Z,40946470,1874728,1,1,0
857101,1371616,Entregado al Cliente,2020-12-01T21:44:37.613Z,41369560,1874727,1,1,0
857101,1371615,Entregado al Cliente,2020-12-01T21:44:35.538Z,41378979,1874726,1,1,0
857100,1371614,Entregado al Cliente,2020-12-01T21:43:15.595Z,41247779,1874725,1,1,0
857099,1371613,En Proceso de Surtido,2020-12-01T21:43:12.992Z,41156662,1874724,1,0,0
857098,1371612,Entregado al Cliente,2020-12-01T21:43:10.992Z,40518051,1874723,1,1,0
857097,1371611,En Proceso de Surtido,2020-12-01T21:42:52.650Z,41134017,1874722,1,0,0
857097,1371611,En Proceso de Surtido,2020-12-01T21:42:52.650Z,41276680,1874721,4,0,0
857096,1371610,Entregado al Cliente,2020-12-01T21:42:03.811Z,41028226,1874720,1,1,0
857095,1371609,Entregado al Cliente,2020-12-01T21:41:59.131Z,41281972,1874719,1,1,0
857094,1371608,Entregado al Cliente,2020-12-01T21:41:52.730Z,41101255,1874718,1,1,0
857093,1371607,Enviado al Cliente,2020-12-01T21:41:46.025Z,40776470,1874717,1,1,0
857092,1371606,Enviado al Cliente,2020-12-01T21:41:30.613Z,40593125,1874716,1,1,0
830906,1371605,CECOM RMA Cerrado,2020-12-01T21:41:10.222Z,31185745,1874715,1,0,1
830906,1371605,CECOM RMA Cerrado,2020-12-01T21:41:10.222Z,40608859,1874714,1,0,1
857091,1371604,En Proceso de Surtido,2020-12-01T21:39:33.872Z,39603452,1874713,1,0,0
857091,1371604,En Proceso de Surtido,2020-12-01T21:39:33.872Z,38520705,1874712,1,0,0
857091,1371604,En Proceso de Surtido,2020-12-01T21:39:33.872Z,40044131,1874711,1,0,0
857090,1371603,Entregado al Cliente,2020-12-01T21:38:25.725Z,41198108,1874710,1,1,0
857089,1371602,En Proceso de Surtido,2020-12-01T21:37:35.367Z,41334172,1874709,1,0,0
857089,1371602,En Proceso de Surtido,2020-12-01T21:37:35.367Z,41334174,1874708,1,0,0
857088,1371601,Entregado al Cliente,2020-12-01T21:37:31.674Z,41338439,1874707,1,1,0
857087,1371600,Entregado al Cliente,2020-12-01T21:37:28.336Z,38245614,1874706,3,3,0
857086,1371599,Entregado al Cliente,2020-12-01T21:36:52.896Z,41386089,1874705,1,1,0
857085,1371598,Entregado al Cliente,2020-12-01T21:36:16.719Z,39713477,1874704,1,1,0
857084,1371597,Entregado al Cliente,2020-12-01T21:36:02.860Z,40265653,1874703,1,1,0
857083,1371596,Entregado al Cliente,2020-12-01T21:35:30.110Z,41276680,1874702,1,1,0
857081,1371595,Enviado al Cliente,2020-12-01T21:35:19.889Z,40456355,1874701,1,1,0
857081,1371594,Enviado al Cliente,2020-12-01T21:35:18.367Z,41312308,1874700,1,1,0
857081,1371593,Entregado al Cliente,2020-12-01T21:35:16.367Z,41312313,1874699,1,1,0
857081,1371593,Entregado al Cliente,2020-12-01T21:35:16.367Z,41312318,1874698,1,1,0
857081,1371593,Entregado al Cliente,2020-12-01T21:35:16.367Z,41209597,1874697,1,1,0
857082,1371592,En Proceso de Surtido,2020-12-01T21:35:15.586Z,40004147,1874696,1,0,0
857080,1371591,Entregado al Cliente,2020-12-01T21:35:01.092Z,41111274,1874695,1,1,0
857079,1371590,Entregado al Cliente,2020-12-01T21:34:43.579Z,38020662,1874694,1,1,0
857078,1371589,Entregado al Cliente,2020-12-01T21:34:32.453Z,40377122,1874693,1,1,0
857078,1371589,Entregado al Cliente,2020-12-01T21:34:32.453Z,41221379,1874692,1,1,0
857078,1371589,Entregado al Cliente,2020-12-01T21:34:32.453Z,41291422,1874691,1,1,0
857078,1371589,Entregado al Cliente,2020-12-01T21:34:32.453Z,41299898,1874690,1,1,0
857077,1371588,Entregado al Cliente,2020-12-01T21:34:25.391Z,40793408,1874689,1,1,0
857076,1371587,Entregado al Cliente,2020-12-01T21:33:42.691Z,38138036,1874688,1,1,0
857075,1371586,Entregado al Cliente,2020-12-01T21:32:43.172Z,40949448,1874687,1,4,0
857074,1371585,Entregado al Cliente,2020-12-01T21:31:46.092Z,41132420,1874686,1,1,0
857072,1371584,Entregado al Cliente,2020-12-01T21:31:12.438Z,40649233,1874685,1,1,0
857073,1371583,Entregado al Cliente,2020-12-01T21:31:12.270Z,41132420,1874684,2,2,0
857071,1371582,Entregado al Cliente,2020-12-01T21:31:07.444Z,40024884,1874683,1,1,0
857070,1371581,Entregado al Cliente,2020-12-01T21:31:07.250Z,40619978,1874682,1,1,0
857070,1371581,Entregado al Cliente,2020-12-01T21:31:07.250Z,40619987,1874681,1,1,0
857069,1371580,Entregado al Cliente,2020-12-01T21:30:55.474Z,41276680,1874680,1,1,0
857068,1371579,Entregado al Cliente,2020-12-01T21:30:48.969Z,40880133,1874679,2,2,0
857067,1371578,Entregado al Cliente,2020-12-01T21:30:36.794Z,1338926,1874678,1,0,0
857067,1371578,Entregado al Cliente,2020-12-01T21:30:36.794Z,35802800,1874677,1,0,0
857067,1371577,En Proceso de Surtido,2020-12-01T21:30:34.853Z,39598049,1874676,1,0,0
857066,1371576,Enviado al Cliente,2020-12-01T21:30:34.657Z,40473499,1874675,1,1,0
857065,1371575,Enviado al Cliente,2020-12-01T21:30:02.453Z,41293750,1874674,1,1,0
857064,1371574,En Proceso de Surtido,2020-12-01T21:29:13.568Z,36199948,1874673,1,0,0
857063,1371573,Entregado al Cliente,2020-12-01T21:28:53.490Z,41132420,1874672,1,1,0
857063,1371573,Entregado al Cliente,2020-12-01T21:28:53.490Z,41276680,1874671,1,1,0
857062,1371572,RMA Reintegro de Inventario,2020-12-01T21:28:24.562Z,39985807,1874670,1,0,1
857061,1371571,Entregado al Cliente,2020-12-01T21:28:23.708Z,40244634,1874669,1,1,0
857060,1371570,Entregado al Cliente,2020-12-01T21:28:05.417Z,41034498,1874668,1,1,0
857059,1371569,Entregado al Cliente,2020-12-01T21:27:51.331Z,41106799,1874667,1,1,0
857058,1371568,Entregado al Cliente,2020-12-01T21:27:14.071Z,40203152,1874666,1,1,0
857057,1371567,Entregado al Cliente,2020-12-01T21:27:06.063Z,41276680,1874665,1,1,0
857056,1371566,Entregado al Cliente,2020-12-01T21:26:05.758Z,39405504,1874664,1,1,0
857055,1371565,Entregado al Cliente,2020-12-01T21:24:52.013Z,39065602,1874663,1,1,0
857054,1371564,Entregado al Cliente,2020-12-01T21:23:45.787Z,40518051,1874662,1,1,0
857053,1371563,Enviado al Cliente,2020-12-01T21:22:45.616Z,40444889,1874661,1,1,0
857053,1371563,Enviado al Cliente,2020-12-01T21:22:45.616Z,19414083,1874660,1,1,0
857053,1371563,Enviado al Cliente,2020-12-01T21:22:45.616Z,40844581,1874659,1,1,0
857052,1371562,Entregado al Cliente,2020-12-01T21:21:56.567Z,40195320,1874658,1,1,0
857052,1371562,Entregado al Cliente,2020-12-01T21:21:56.567Z,11777061,1874657,1,1,0
857051,1371561,Entregado al Cliente,2020-12-01T21:20:47.155Z,39733195,1874656,1,1,0
857050,1371560,Entregado al Cliente,2020-12-01T21:20:21.353Z,41276680,1874655,1,1,0
857049,1371559,Entregado al Cliente,2020-12-01T21:18:04.352Z,39790921,1874654,1,1,0
857048,1371558,Entregado al Cliente,2020-12-01T21:18:01.738Z,40931441,1874653,1,1,0
857047,1371557,Entregado al Cliente,2020-12-01T21:15:37.782Z,41276680,1874652,1,1,0
423420,1371556,CECOM RMA Cerrado,2020-12-01T21:15:13.524Z,40901482,1874651,1,0,1
857045,1371555,Enviado al Cliente,2020-12-01T21:15:12.427Z,41170442,1874650,2,2,0
857041,1371554,Entregado al Cliente,2020-12-01T21:15:11.068Z,40836471,1874649,1,1,0
857044,1371553,Entregado al Cliente,2020-12-01T21:15:10.734Z,40776663,1874648,1,1,0
857044,1371553,Entregado al Cliente,2020-12-01T21:15:10.734Z,38981283,1874647,1,1,0
857045,1371552,Entregado al Cliente,2020-12-01T21:15:10.450Z,39098577,1874646,1,0,0
857045,1371552,Entregado al Cliente,2020-12-01T21:15:10.450Z,40394559,1874645,1,0,0
857045,1371552,Entregado al Cliente,2020-12-01T21:15:10.450Z,41036821,1874644,1,0,0
857045,1371552,Entregado al Cliente,2020-12-01T21:15:10.450Z,41170436,1874643,2,0,0
857045,1371552,Entregado al Cliente,2020-12-01T21:15:10.450Z,41170440,1874642,1,0,0
