fulfilment Id, Order ID
fulfilment Id, Order ID
550734,353202
556424,353715
500212,354869
500647,355177
556771,355388
557034,357518
557056,357518
557058,357680
557131,358216
544165,358547
557404,360192
557446,360518
510292,360538
557596,361343
557640,361706
557680,361875
670893,362122
650880,362350
557919,363314
558192,364601
fulfilment Id, Order ID
229336,187777
300271,233245
423760,307951
15803,18863
96622,85640
95324,84664
93862,83525
93659,83360
59546,56494
59009,56055
58629,55733
108826,95126
104303,91603
103793,91198
102475,90168
72615,66920
74175,68142
100380,88521
105889,92779
113944,99029
